C,[-1.44654691e-01  3.20003065e+02],[  0.25319193 235.42752213],[-1106   480   221   288],[965 480 207 288],7.335022211074829,-1106,480,221,288,965,480,207,288
C,[  -5.11459033 2384.86143395],[6.69934437e-02 2.29938619e+02],[372 480 409 288],[3732  480  866  288],7.462377071380615,372,480,409,288,3732,480,866,288
C,[  -2.89555709 1358.69407219],[6.82209011e-02 2.25419899e+02],[303 480 369 288],[3731  480  917  288],7.586299657821655,303,480,369,288,3731,480,917,288
C,[-3.26759986e-02  2.23755778e+02],[  0.29584452 150.47805134],[-7841   480 -1966   288],[1113  480  464  288],7.699871778488159,-7841,480,-1966,288,1113,480,464,288
C,[  -2.68993342 1418.45700368],[  0.28198753 154.708088  ],[348 480 420 288],[1153  480  472  288],7.819688558578491,348,480,420,288,1153,480,472,288
C,[  -8.14183982 3728.47508996],[   3.42072046 -940.58866558],[398 480 422 288],[415 480 359 288],7.9420037269592285,398,480,422,288,415,480,359,288
C,[  -3.73642241 1806.72155878],[  0.3503656  149.19078408],[355 480 406 288],[944 480 396 288],8.061643838882446,355,480,406,288,944,480,396,288
C,[  -3.84211563 1860.47976996],[  0.3378496  153.47709953],[359 480 409 288],[966 480 398 288],8.173957824707031,359,480,409,288,966,480,398,288
C,[ -1.12032916 719.44685613],[1.34256209e-01 2.07168488e+02],[213 480 385 288],[2032  480  602  288],8.291786670684814,213,480,385,288,2032,480,602,288
C,[  -5.32514526 2534.55594488],[  0.21769301 205.98643533],[385 480 421 288],[1258  480  376  288],8.415010929107666,385,480,421,288,1258,480,376,288
C,[  -3.27280899 1616.07337777],[1.25856745e-01 2.25984208e+02],[347 480 405 288],[2018  480  492  288],8.535681247711182,347,480,405,288,2018,480,492,288
C,[  -4.18784295 1999.42032971],[1.59296091e-01 2.07625850e+02],[362 480 408 288],[1709  480  504  288],8.655261039733887,362,480,408,288,1709,480,504,288
C,[  -5.57525584 2685.18477107],[   2.43442404 -566.06592924],[395 480 429 288],[429 480 350 288],8.773980855941772,395,480,429,288,429,480,350,288
C,[  -2.90426174 1461.52980488],[1.27339145e-01 2.13153120e+02],[337 480 404 288],[2095  480  587  288],8.895841360092163,337,480,404,288,2095,480,587,288
C,[  -5.04920061 2419.85226224],[1.62241713e-01 2.02104669e+02],[384 480 422 288],[1712  480  529  288],9.010358095169067,384,480,422,288,1712,480,529,288
C,[  -5.52806432 2628.31719095],[  0.23335925 202.3906454 ],[388 480 423 288],[1189  480  366  288],9.12614393234253,388,480,423,288,1189,480,366,288
C,[  -4.98944806 2405.54254047],[1.72205135e-01 1.97136278e+02],[385 480 424 288],[1642  480  527  288],9.255523204803467,385,480,424,288,1642,480,527,288
C,[  -3.04286122 1522.80451706],[  0.21578338 187.08485369],[342 480 405 288],[1357  480  467  288],9.387731075286865,342,480,405,288,1357,480,467,288
C,[  -5.79446146 2741.41992606],[  0.24857282 193.01528905],[390 480 423 288],[1154  480  382  288],9.520726442337036,390,480,423,288,1154,480,382,288
C,[  -2.94409214 1474.51353878],[1.65279932e-01 2.01782306e+02],[337 480 403 288],[1683  480  521  288],9.6319580078125,337,480,403,288,1683,480,521,288
C,[  -5.43287911 2521.46441456],[1.20025992e-01 2.30635870e+02],[375 480 411 288],[2077  480  477  288],9.797444105148315,375,480,411,288,2077,480,477,288
C,[  -6.76955737 3167.24066425],[1.23455312e-01 2.16116214e+02],[396 480 425 288],[2137  480  582  288],9.93688702583313,396,480,425,288,2137,480,582,288
C,[  -3.8203072  1910.76143839],[1.17667235e-01 2.28513850e+02],[374 480 424 288],[2137  480  505  288],10.054208040237427,374,480,424,288,2137,480,505,288
C,[  -5.77389256 2818.39747689],[1.08418148e-01 2.29256983e+02],[404 480 438 288],[2312  480  541  288],10.217932224273682,404,480,438,288,2312,480,541,288
C,[  -7.70814159 3571.13862216],[1.53784545e-01 2.08354908e+02],[401 480 425 288],[1766  480  517  288],10.327571153640747,401,480,425,288,1766,480,517,288
C,[  -3.18372574 1579.96242748],[1.77885285e-01 2.07953490e+02],[345 480 405 288],[1529  480  449  288],10.453993558883667,345,480,405,288,1529,480,449,288
C,[  -4.06792205 1951.52187379],[1.45066317e-01 2.25575922e+02],[361 480 408 288],[1753  480  430  288],10.566210508346558,361,480,408,288,1753,480,430,288
C,[  -3.58001547 1753.39261181],[1.04922215e-01 2.27247202e+02],[355 480 409 288],[2408  480  579  288],10.674489974975586,355,480,409,288,2408,480,579,288
C,[  -4.23252601 2019.78346201],[1.67025918e-01 2.11543511e+02],[363 480 409 288],[1607  480  457  288],10.780444860458374,363,480,409,288,1607,480,457,288
C,[  -3.22986543 1606.99619273],[1.58684784e-01 2.07762139e+02],[348 480 408 288],[1715  480  505  288],10.891443252563477,348,480,408,288,1715,480,505,288
C,[  -2.9279325  1473.14726364],[  0.3121957  193.13950933],[339 480 404 288],[918 480 303 288],11.002799272537231,339,480,404,288,918,480,303,288
C,[  -2.7838359  1410.27974329],[1.39298016e-01 2.19285337e+02],[334 480 403 288],[1871  480  493  288],11.102487564086914,334,480,403,288,1871,480,493,288
C,[  -3.92760973 1943.51069826],[1.41294061e-01 2.42497368e+02],[372 480 421 288],[1680  480  322  288],11.208627939224243,372,480,421,288,1680,480,322,288
C,[  -3.68240277 1862.18209574],[1.14303427e-01 2.37726441e+02],[375 480 427 288],[2119  480  439  288],11.319934368133545,375,480,427,288,2119,480,439,288
C,[  -4.42044559 2093.60029351],[1.55066848e-01 2.17286778e+02],[365 480 408 288],[1694  480  456  288],11.430840253829956,365,480,408,288,1694,480,456,288
C,[  -4.25433336 2027.51145639],[8.98678058e-02 2.36107614e+02],[363 480 408 288],[2713  480  577  288],11.543239831924438,363,480,408,288,2713,480,577,288
C,[  -5.80947505 2673.26866285],[1.06947375e-01 2.30094604e+02],[377 480 410 288],[2336  480  541  288],11.652229070663452,377,480,410,288,2336,480,541,288
C,[  -5.23224427 2432.91351791],[1.05749708e-01 2.27192869e+02],[373 480 409 288],[2390  480  575  288],11.760697603225708,373,480,409,288,2390,480,575,288
C,[  -2.75591388 1417.41735607],[8.46233024e-02 2.19529289e+02],[340 480 409 288],[3078  480  809  288],11.89803957939148,340,480,409,288,3078,480,809,288
C,[  -3.80256404 1911.4938976 ],[1.54357703e-01 2.14778632e+02],[376 480 426 288],[1718  480  474  288],12.01268482208252,376,480,426,288,1718,480,474,288
C,[  -3.97535388 1909.97221655],[  0.23551135 205.89968989],[359 480 408 288],[1163  480  348  288],12.153089046478271,359,480,408,288,1163,480,348,288
C,[  -6.74309234 3171.80817463],[1.06612455e-01 2.27523965e+02],[399 480 427 288],[2368  480  567  288],12.269150257110596,399,480,427,288,2368,480,567,288
C,[  -3.42303595 1750.87470415],[  0.21888259 211.34696431],[371 480 427 288],[1227  480  350  288],12.38933515548706,371,480,427,288,1227,480,350,288
C,[  -3.87917954 1875.39542462],[1.44867100e-01 2.27500264e+02],[359 480 409 288],[1742  480  417  288],12.496235609054565,359,480,409,288,1742,480,417,288
C,[  -5.35478349 2583.5529719 ],[1.08456232e-01 2.20924996e+02],[392 480 428 288],[2388  480  618  288],12.605067014694214,392,480,428,288,2388,480,618,288
C,[  -6.26456141 2869.16049541],[1.32255134e-01 2.25453381e+02],[381 480 412 288],[1924  480  472  288],12.71116304397583,381,480,412,288,1924,480,472,288
C,[  -5.69553821 2627.57241198],[1.76182155e-01 2.16965169e+02],[377 480 410 288],[1492  480  403  288],12.820847034454346,377,480,410,288,1492,480,403,288
C,[  -4.96390795 2456.99438907],[1.57007086e-01 2.19603109e+02],[398 480 436 288],[1658  480  435  288],12.940026998519897,398,480,436,288,1658,480,435,288
C,[  -4.92955127 2309.7093185 ],[1.07106348e-01 2.21184024e+02],[371 480 410 288],[2416  480  623  288],13.079534769058228,371,480,410,288,2416,480,623,288
C,[  -5.94674096 2733.23532145],[1.30385606e-01 2.09160107e+02],[378 480 411 288],[2077  480  604  288],13.18765640258789,378,480,411,288,2077,480,604,288
C,[  -4.99378873 2433.57094513],[1.17294318e-01 2.33641358e+02],[391 480 429 288],[2100  480  463  288],13.298366069793701,391,480,429,288,2100,480,463,288
C,[  -4.85153977 2278.25611016],[1.15187465e-01 2.21449334e+02],[370 480 410 288],[2244  480  577  288],13.410103559494019,370,480,410,288,2244,480,577,288
C,[  -3.49139552 1713.499005  ],[1.96117988e-01 2.14205322e+02],[353 480 408 288],[1355  480  376  288],13.519089937210083,353,480,408,288,1355,480,376,288
C,[  -4.6285612  2193.24577301],[1.42488022e-01 2.13326433e+02],[370 480 411 288],[1871  480  524  288],13.630415678024292,370,480,411,288,1871,480,524,288
C,[  -3.30936697 1635.41143842],[8.10301191e-02 2.45319577e+02],[349 480 407 288],[2896  480  526  288],13.74057412147522,349,480,407,288,2896,480,526,288
C,[  -3.28694263 1629.51513416],[1.57092714e-01 2.12889404e+02],[349 480 408 288],[1700  480  478  288],13.846823930740356,349,480,408,288,1700,480,478,288
C,[  -5.55415806 2714.69821886],[1.40525805e-01 2.29908733e+02],[402 480 436 288],[1779  480  413  288],13.958647966384888,402,480,436,288,1779,480,413,288
C,[  -4.47375981 2172.29498884],[1.47270657e-01 2.21514852e+02],[378 480 421 288],[1755  480  451  288],14.068734407424927,378,480,421,288,1755,480,451,288
C,[  -3.87656881 1881.43509811],[1.26240712e-01 2.29417148e+02],[361 480 411 288],[1984  480  464  288],14.186006784439087,361,480,411,288,1984,480,464,288
C,[  -3.02752816 1525.71793942],[1.85026659e-01 2.17258972e+02],[345 480 408 288],[1420  480  382  288],14.307054996490479,345,480,408,288,1420,480,382,288
C,[  -3.92518066 1961.01921626],[1.05676183e-01 2.32272972e+02],[377 480 426 288],[2344  480  527  288],14.426214694976807,377,480,426,288,2344,480,527,288
C,[  -2.64240874 1357.97387324],[2.02974789e-01 2.12171258e+02],[332 480 404 288],[1319  480  373  288],14.550362825393677,332,480,404,288,1319,480,373,288
C,[ -1.26226944 849.71838582],[4.7359946e-02 2.4098428e+02],[292 480 445 288],[5046  480  992  288],14.698312282562256,292,480,445,288,5046,480,992,288
C,[  -6.69044391 3037.79675308],[9.13836270e-02 2.33748696e+02],[382 480 411 288],[2694  480  593  288],14.837996244430542,382,480,411,288,2694,480,593,288
C,[  -4.01458782 1878.05502912],[1.21911844e-01 2.10194049e+02],[348 480 396 288],[2213  480  638  288],14.965882301330566,348,480,396,288,2213,480,638,288
C,[  -4.88063166 2236.9555591 ],[8.33519427e-02 2.29208418e+02],[359 480 399 288],[3008  480  705  288],15.102371454238892,359,480,399,288,3008,480,705,288
C,[-2.22172054e-02  2.54797632e+02],[5.93162903e-02 2.21797139e+02],[-10136    480  -1494    288],[4352  480 1116  288],15.22005581855774,-10136,480,-1494,288,4352,480,1116,288
C,[-1.27696572e-02  2.62563282e+02],[5.64329007e-02 2.15487468e+02],[-17027    480  -1991    288],[4687  480 1284  288],15.342092752456665,-17027,480,-1991,288,4687,480,1284,288
C,[-5.08780680e-02  2.68945064e+02],[    6.62731998 -1291.36045621],[-4148   480  -374   288],[267 480 238 288],15.4597327709198,-4148,480,-374,288,267,480,238,288
C,[  -6.45511978 2045.45252796],[   1.6474915  -108.64138497],[242 480 272 288],[357 480 240 288],15.582048177719116,242,480,272,288,357,480,240,288
C,[ -1.247379   612.43496221],[  1.30735886 -50.05660522],[106 480 260 288],[405 480 258 288],15.729048013687134,106,480,260,288,405,480,258,288
C,[  -5.6163856  2662.06106414],[   2.47376723 -289.33787403],[388 480 422 288],[310 480 233 288],15.867969989776611,388,480,422,288,310,480,233,288
C,[  -5.05655083 1486.48555552],[   1.87588897 -168.67617607],[199 480 237 288],[345 480 243 288],16.027018785476685,199,480,237,288,345,480,243,288
C,[  -5.93656749 1667.40778321],[   2.52366352 -304.9429608 ],[200 480 232 288],[311 480 234 288],16.149738073349,200,480,232,288,311,480,234,288
C,[  -6.95632831 2043.41902106],[  1.38247465 -53.66201539],[224 480 252 288],[386 480 247 288],16.27565097808838,224,480,252,288,386,480,247,288
C,[  -3.39170334 1253.17406998],[  1.38522577 -69.50149984],[227 480 284 288],[396 480 258 288],16.40600824356079,227,480,284,288,396,480,258,288
C,[  -8.01385635 2454.74383226],[2.01290340e-01 2.11816525e+02],[246 480 270 288],[1332  480  378  288],16.550604104995728,246,480,270,288,1332,480,378,288
C,[  -3.77759007 1358.84022343],[ 0.87140478 50.56084033],[232 480 283 288],[492 480 272 288],16.67813777923584,232,480,283,288,492,480,272,288
C,[  -3.46462227 1261.87459501],[8.64313847e-02 2.18648456e+02],[225 480 281 288],[3023  480  802  288],16.806071996688843,225,480,281,288,3023,480,802,288
C,[-4.16796919e-02  2.58801552e+02],[1.00688471e-02 2.32571419e+02],[-5307   480  -700   288],[24573   480  5504   288],16.911940336227417,-5307,480,-700,288,24573,480,5504,288
C,[-5.39214226e-02  2.70797825e+02],[    4.06142365 -1020.5973734 ],[-3879   480  -319   288],[369 480 322 288],17.036440134048462,-3879,480,-319,288,369,480,322,288
C,[-1.30682578e-02  2.51926112e+02],[4.34782609e-03 2.69223913e+02],[-17452    480  -2760    288],[48478   480  4318   288],17.14924907684326,-17452,480,-2760,288,48478,480,4318,288
C,[-2.65662530e-02  2.71627745e+02],[   2.48457854 -697.39496969],[-7843   480  -616   288],[473 480 396 288],17.262614250183105,-7843,480,-616,288,473,480,396,288
C,[  -7.61275314 3856.64705006],[  0.37638582 148.03597886],[443 480 468 288],[881 480 371 288],17.401715755462646,443,480,468,288,881,480,371,288
C,[  -4.54427894 2065.73197256],[2.09271388e-01 2.32303606e+02],[348 480 391 288],[1183  480  266  288],17.548232793807983,348,480,391,288,1183,480,266,288
C,[ -12.08320622 5699.17359768],[    7.09510874 -2750.04919798],[431 480 447 288],[455 480 428 288],17.663345098495483,431,480,447,288,455,480,428,288
C,[  -7.68136492 3292.88162361],[1.90455081e-01 2.01785516e+02],[366 480 391 288],[1460  480  452  288],17.79043221473694,366,480,391,288,1460,480,452,288
C,[ -10.72021138 3879.81856086],[  0.20661098 198.71229537],[317 480 335 288],[1361  480  432  288],17.920324563980103,317,480,335,288,1361,480,432,288
C,[  -6.02227527 2981.71373296],[  0.32051268 165.53472131],[415 480 447 288],[981 480 382 288],18.052974939346313,415,480,447,288,981,480,382,288
C,[ -12.72502334 6734.03688142],[1.86999240e-01 1.99479774e+02],[491 480 506 288],[1500  480  473  288],18.171018362045288,491,480,506,288,1500,480,473,288
C,[  -4.39153132 1913.58920231],[  0.22210084 199.56784584],[326 480 370 288],[1262  480  398  288],18.283514261245728,326,480,370,288,1262,480,398,288
C,[  -5.9555742 1463.2221838],[   18.15979495 -9904.00489064],[165 480 197 288],[571 480 561 288],18.39899706840515,165,480,197,288,571,480,561,288
C,[  -4.85926398 1233.01188708],[ 0.43505774 91.43768089],[154 480 194 288],[893 480 451 288],18.504846572875977,154,480,194,288,893,480,451,288
C,[  -7.10362383 1455.28545942],[  0.19190177 178.33310808],[137 480 164 288],[1571  480  571  288],18.63312602043152,137,480,164,288,1571,480,571,288
C,[  -5.3042302  1335.00714249],[1.96251314e-01 2.05958355e+02],[161 480 197 288],[1396  480  418  288],18.738201379776,161,480,197,288,1396,480,418,288
L,,[5.07760143e-02 2.37625675e+02],[0 0 0 0],[4773  480  992  288],18.847997188568115,0,0,0,0,4773,480,992,288
L,,[5.23997890e-02 2.49762447e+02],[0 0 0 0],[4393  480  729  288],18.95816159248352,0,0,0,0,4393,480,729,288
C,[-7.93650794e-03  2.15007937e+02],[ 0.41052632 50.42807018],[-33389    480  -9197    288],[1046  480  578  288],19.136900186538696,-33389,480,-9197,288,1046,480,578,288
C,[-2.30464585e-01  2.74155217e+02],[ 0.32051282 98.75058275],[-893  480  -60  288],[1189  480  590  288],19.23125720024109,-893,480,-60,288,1189,480,590,288
L,,[  0.54376438 -65.06196856],[0 0 0 0],[1002  480  649  288],19.448967456817627,0,0,0,0,1002,480,649,288
L,,[1.71436821e-02 2.17579005e+02],[0 0 0 0],[15307   480  4107   288],19.664950132369995,0,0,0,0,15307,480,4107,288
C,[-1.44988909e-01  2.56450292e+02],[ 0.29284776 85.64472471],[-1541   480  -217   288],[1346  480  690  288],19.768791437149048,-1541,480,-217,288,1346,480,690,288
L,,[2.73862339e-02 2.13979800e+02],[0 0 0 0],[9713  480 2702  288],19.858506202697754,0,0,0,0,9713,480,2702,288
L,,[1.60755796e-02 2.16523562e+02],[0 0 0 0],[16389   480  4446   288],19.94066071510315,0,0,0,0,16389,480,4446,288
L,,[  0.19399801 138.57322071],[0 0 0 0],[1759  480  770  288],20.028698682785034,0,0,0,0,1759,480,770,288
C,[-7.31707317e-02  2.19707317e+02],[  0.18783828 141.72701355],[-3557   480  -933   288],[1800  480  778  288],20.122395515441895,-3557,480,-933,288,1800,480,778,288
C,[-2.94515166e-02  2.23988496e+02],[  0.24881521 114.59269374],[-8692   480 -2173   288],[1468  480  696  288],20.212521076202393,-8692,480,-2173,288,1468,480,696,288
C,[-3.57142857e-02  2.19535714e+02],[ 0.30140427 94.4024963 ],[-7292   480 -1916   288],[1279  480  642  288],20.29946279525757,-7292,480,-1916,288,1279,480,642,288
C,[-3.37837838e-02  2.19337838e+02],[ 0.28959809 97.2990234 ],[-7715   480 -2032   288],[1321  480  658  288],20.383649349212646,-7715,480,-2032,288,1321,480,658,288
C,[-1.03448276e-01  2.32500000e+02],[  0.2588559  110.04094338],[-2392   480  -536   288],[1429  480  687  288],20.46801471710205,-2392,480,-536,288,1429,480,687,288
C,[-7.0000e-02  2.1724e+02],[  0.21150662 132.99109335],[-3753   480 -1010   288],[1640  480  732  288],20.54598617553711,-3753,480,-1010,288,1640,480,732,288
C,[-6.75675676e-02  2.16675676e+02],[  0.2310128  120.70107073],[-3897   480 -1055   288],[1555  480  724  288],20.63388729095459,-3897,480,-1055,288,1555,480,724,288
C,[-2.31023102e-02  2.19864686e+02],[  0.17460482 146.2878054 ],[-11260    480  -2949    288],[1911  480  811  288],20.719072341918945,-11260,480,-2949,288,1911,480,811,288
C,[-3.80952381e-02  2.20766667e+02],[  0.25282769 113.89332022],[-6804   480 -1764   288],[1448  480  688  288],20.80580163002014,-6804,480,-1764,288,1448,480,688,288
C,[-6.14285714e-02  2.27632381e+02],[ 0.29956946 94.27756072],[-4108   480  -982   288],[1287  480  646  288],20.88743543624878,-4108,480,-982,288,1287,480,646,288
C,[-4.31034483e-02  2.23431034e+02],[ 0.30336016 92.1907523 ],[-5952   480 -1497   288],[1278  480  645  288],20.972629070281982,-5952,480,-1497,288,1278,480,645,288
C,[-1.04273719e-01  2.33796403e+02],[ 0.35306677 69.98402584],[-2361   480  -519   288],[1161  480  617  288],21.062246084213257,-2361,480,-519,288,1161,480,617,288
C,[-3.5000e-02  2.1912e+02],[  0.2531579  113.64020896],[-7453   480 -1967   288],[1447  480  688  288],21.148369073867798,-7453,480,-1967,288,1447,480,688,288
C,[-7.94672491e-02  2.31025112e+02],[ 0.34849279 72.09024209],[-3133   480  -716   288],[1170  480  619  288],21.237164735794067,-3133,480,-716,288,1170,480,619,288
C,[-3.84615385e-02  2.20961538e+02],[ 0.36062173 68.16793023],[-6735   480 -1743   288],[1142  480  609  288],21.322533130645752,-6735,480,-1743,288,1142,480,609,288
L,,[1.48851574e-01 1.57943534e+02],[0 0 0 0],[2163  480  873  288],21.412423610687256,0,0,0,0,2163,480,873,288
L,,[1.28337947e-02 2.15107446e+02],[0 0 0 0],[20640   480  5679   288],21.50391411781311,0,0,0,0,20640,480,5679,288
C,[-1.15702479e-02  2.14454545e+02],[1.40580332e-01 1.58699185e+02],[-22950    480  -6356    288],[2285  480  919  288],21.586668491363525,-22950,480,-6356,288,2285,480,919,288
C,[-4.16666667e-02  2.24833333e+02],[  0.24479363 108.11862483],[-6123   480 -1515   288],[1519  480  734  288],21.673822164535522,-6123,480,-1515,288,1519,480,734,288
C,[-7.34939759e-02  2.22514859e+02],[  0.20081533 129.92624854],[-3503   480  -891   288],[1743  480  787  288],21.76500701904297,-3503,480,-891,288,1743,480,787,288
C,[-2.88713911e-02  2.27307087e+02],[  0.19739247 124.68657123],[-8752   480 -2102   288],[1800  480  827  288],21.855467557907104,-8752,480,-2102,288,1800,480,827,288
C,[-2.80373832e-02  2.07183801e+02],[1.16334323e-01 1.60701172e+02],[-9730   480 -2882   288],[2744  480 1094  288],21.95295810699463,-9730,480,-2882,288,2744,480,1094,288
C,[-9.40284612e-02  2.34262934e+02],[ 0.29895303 82.48284816],[-2613   480  -571   288],[1329  480  687  288],22.054457426071167,-2613,480,-571,288,1329,480,687,288
C,[-7.32004211e-02  2.23260758e+02],[  0.20531625 127.31470053],[-3507   480  -884   288],[1717  480  782  288],22.15381169319153,-3507,480,-884,288,1717,480,782,288
L,,[  0.2261549 117.7370402],[0 0 0 0],[1601  480  752  288],22.250160694122314,0,0,0,0,1601,480,752,288
L,,[  0.19250044 132.2685533 ],[0 0 0 0],[1806  480  808  288],22.346924781799316,0,0,0,0,1806,480,808,288
C,[-6.06581896e-16  2.23000000e+02],[1.25189397e-02 2.17858031e+02],"[-423685576158242624                 480 -107157830545858512
                 288]",[20939   480  5602   288],22.447015047073364,-423685576158242624,480,-107157830545858512,288,20939,480,5602,288
C,[-8.69565217e-02  2.26782609e+02],[  0.1580219  154.84800214],[-2912   480  -704   288],[2057  480  842  288],22.547521829605103,-2912,480,-704,288,2057,480,842,288
C,[-4.39560440e-02  2.23664835e+02],[  0.15864336 155.85715187],[-5831   480 -1463   288],[2043  480  832  288],22.64955496788025,-5831,480,-1463,288,2043,480,832,288
C,[-1.05833333e-01  2.34476667e+02],[  0.18074572 146.35847234],[-2319   480  -505   288],[1845  480  783  288],22.738004684448242,-2319,480,-505,288,1845,480,783,288
C,[-7.28421739e-02  2.36438717e+02],[  0.21290702 132.17088806],[-3343   480  -707   288],[1633  480  731  288],22.83830690383911,-3343,480,-707,288,1633,480,731,288
C,[-3.09278351e-02  2.24873711e+02],[  0.2028329  136.42229186],[-8249   480 -2041   288],[1693  480  747  288],22.93801212310791,-8249,480,-2041,288,1693,480,747,288
C,[-8.43373494e-02  2.23771084e+02],[  0.21498395 125.85737618],[-3038   480  -761   288],[1647  480  754  288],23.03361749649048,-3038,480,-761,288,1647,480,754,288
C,[-7.52735767e-17  2.19000000e+02],[9.52380952e-03 2.19009524e+02],"[-3467352178732363264                  480  -916656323113153152
                  288]",[27403   480  7243   288],23.127160787582397,-3467352178732363264,480,-916656323113153152,288,27403,480,7243,288
C,[-2.32742725e-16  2.13000000e+02],[5.96021700e-03 2.16561461e+02],"[-1147189453512172928                  480  -322244228514655168
                  288]",[44199   480 11985   288],23.224375247955322,-1147189453512172928,480,-322244228514655168,288,44199,480,11985,288
C,[-1.28571429e-01  2.52357143e+02],[  0.24150304 107.10015053],[-1770   480  -277   288],[1544  480  749  288],23.32007670402527,-1770,480,-277,288,1544,480,749,288
L,,[1.28922467e-02 2.10772826e+02],[0 0 0 0],[20882   480  5990   288],23.417628049850464,0,0,0,0,20882,480,5990,288
C,[-8.43373494e-02  2.38216867e+02],[ 0.22994554 95.90877959],[-2866   480  -590   288],[1670  480  835  288],23.521854162216187,-2866,480,-590,288,1670,480,835,288
C,[-2.56157459e-16  2.21500000e+02],[8.62068966e-03 2.17379310e+02],"[-1009144927322025984                  480  -259605948421333248
                  288]",[30463   480  8191   288],23.613927364349365,-1009144927322025984,480,-259605948421333248,288,30463,480,8191,288
L,,[2.98188473e-02 2.20096537e+02],[0 0 0 0],[8716  480 2277  288],23.766395330429077,0,0,0,0,8716,480,2277,288
C,[-2.78903119e-16  2.18000000e+02],[  0.25041225 115.51758438],"[-939394300527481088                 480 -250983210064593472
                 288]",[1455  480  688  288],23.914310932159424,-939394300527481088,480,-250983210064593472,288,1455,480,688,288
C,[-9.39837398e-02  2.37708293e+02],[ 0.39312916 50.34866877],[-2578   480  -535   288],[1092  480  604  288],24.014744997024536,-2578,480,-535,288,1092,480,604,288
C,[-2.42890443e-01  2.59585781e+02],[ 0.41766199 41.23512625],[-907  480 -116  288],[1050  480  590  288],24.109119415283203,-907,480,-116,288,1050,480,590,288
C,[-3.43678294e-02  2.22659913e+02],[ 0.29885018 94.40131621],[-7487   480 -1901   288],[1290  480  647  288],24.19502544403076,-7487,480,-1901,288,1290,480,647,288
C,[-6.22369304e-02  2.32177693e+02],[  0.25492822 111.40636351],[-3981   480  -896   288],[1445  480  692  288],24.283759355545044,-3981,480,-896,288,1445,480,692,288
C,[-2.42943801e-01  2.58924801e+02],[ 0.31148615 89.69321375],[-909  480 -119  288],[1253  480  636  288],24.36943030357361,-909,480,-119,288,1253,480,636,288
C,[-1.01265823e-01  2.28708861e+02],[ 0.29208936 96.07886341],[-2481   480  -585   288],[1314  480  657  288],24.46851372718811,-2481,480,-585,288,1314,480,657,288
C,[-8.87457564e-02  2.39337982e+02],[ 0.29722277 95.45962455],[-2711   480  -548   288],[1293  480  647  288],24.56069040298462,-2711,480,-548,288,1293,480,647,288
C,[ -0.30420844 271.9960944 ],[  0.24855428 115.937994  ],[-683  480  -52  288],[1464  480  692  288],24.646409511566162,-683,480,-52,288,1464,480,692,288
C,[ -0.33425926 266.41296296],[  0.24207586 116.86940578],[-638  480  -64  288],[1500  480  706  288],24.742321014404297,-638,480,-64,288,1500,480,706,288
C,[-1.67483250e-01  2.47185858e+02],[ 0.35522442 69.95855873],[-1390   480  -243   288],[1154  480  613  288],24.834310293197632,-1390,480,-243,288,1154,480,613,288
C,[-1.32065720e-01  2.54017406e+02],[  0.25123947 114.53126954],[-1711   480  -257   288],[1454  480  690  288],24.912652730941772,-1711,480,-257,288,1454,480,690,288
C,[-9.01234568e-02  2.35328395e+02],[  0.26112021 105.92935121],[-2714   480  -584   288],[1432  480  697  288],24.99815344810486,-2714,480,-584,288,1432,480,697,288
C,[-1.31374949e-01  2.40181559e+02],[  0.25170409 114.72337402],[-1825   480  -363   288],[1451  480  688  288],25.082755088806152,-1825,480,-363,288,1451,480,688,288
C,[-2.53164557e-02  2.21452532e+02],[  0.23474804 118.3667129 ],[-10212    480  -2628    288],[1540  480  722  288],25.167551040649414,-10212,480,-2628,288,1540,480,722,288
C,[-5.0000e-02  2.2465e+02],[ 0.31348712 88.00279968],[-5107   480 -1267   288],[1250  480  637  288],25.25133776664734,-5107,480,-1267,288,1250,480,637,288
C,[-1.83823529e-02  2.17683824e+02],[  0.23809524 117.22857143],[-14269    480  -3825    288],[1523  480  717  288],25.335352182388306,-14269,480,-3825,288,1523,480,717,288
C,[-1.13636364e-01  2.33522727e+02],[  0.23776715 118.47786452],[-2169   480  -479   288],[1520  480  712  288],25.41735601425171,-2169,480,-479,288,1520,480,712,288
C,[-5.15735884e-16  2.16000000e+02],[1.08211211e-01 1.74917351e+02],"[-511889919032324864                 480 -139606341554270256
                 288]",[2819  480 1045  288],25.504822731018066,-511889919032324864,480,-139606341554270256,288,2819,480,1045,288
R,[ -0.44736842 364.39473684],,[-258  480  170  288],[0 0 0 0],25.806851148605347,-258,480,170,288,0,0,0,0
R,[ -0.60444444 335.51777778],,[-239  480   78  288],[0 0 0 0],26.303005695343018,-239,480,78,288,0,0,0,0
L,,[7.86422096e-02 3.10086022e+02],[0 0 0 0],[2160  480 -280  288],26.4693820476532,0,0,0,0,2160,480,-280,288
L,,[7.34684489e-02 3.00962293e+02],[0 0 0 0],[2436  480 -176  288],26.568242073059082,0,0,0,0,2436,480,-176,288
C,[-1.10692376e-15  1.85000000e+02],[8.22072072e-02 3.81296171e+02],"[-266504351431894656                 480  -93050671855881904
                 288]",[ 1200   480 -1134   288],26.662280082702637,-266504351431894656,480,-93050671855881904,288,1200,480,-1134,288
C,[-6.57894737e-02  2.33592105e+02],[4.91196666e-02 2.81830079e+02],[-3745   480  -826   288],[4034  480  125  288],26.761493921279907,-3745,480,-826,288,4034,480,125,288
L,,[5.50700004e-02 3.07496510e+02],[0 0 0 0],[3132  480 -354  288],26.842787742614746,0,0,0,0,3132,480,-354,288
L,,[6.91698554e-02 3.83329932e+02],[0 0 0 0],[ 1397   480 -1378   288],26.926620483398438,0,0,0,0,1397,480,-1378,288
L,,[2.64329475e-02 2.17287239e+02],[0 0 0 0],[9938  480 2675  288],27.016414880752563,0,0,0,0,9938,480,2675,288
L,,[1.82370821e-02 2.16510638e+02],[0 0 0 0],[14448   480  3920   288],27.110891819000244,0,0,0,0,14448,480,3920,288
C,[-2.53123259e-01  3.02537280e+02],[1.57151068e-16 2.22500000e+02],[-701  480   57  288],"[1638550750162220544                 480  416796404410196416
                 288]",27.206493616104126,-701,480,57,288,1638550750162220544,480,416796404410196416,288
C,[-1.92527011e-01  3.03459034e+02],[1.42351170e-01 1.48127813e+02],[-916  480   80  288],[2331  480  982  288],27.297664165496826,-916,480,80,288,2331,480,982,288
C,[-1.88363676e-01  3.00890930e+02],[1.02043053e-01 1.82875289e+02],[-950  480   68  288],[2911  480 1030  288],27.39173150062561,-950,480,68,288,2911,480,1030,288
C,[-8.06534537e-02  2.65620937e+02],[  0.14997309 142.81745298],[-2658   480  -277   288],[2248  480  968  288],27.480923175811768,-2658,480,-277,288,2248,480,968,288
C,[-2.02142857e-01  3.08839286e+02],[  0.1883336  121.24944655],[-846  480  103  288],[1904  480  885  288],27.56702160835266,-846,480,103,288,1904,480,885,288
C,[-1.8875000e-01  3.0146875e+02],[  0.21495182 105.29546267],[-945  480   71  288],[1743  480  849  288],27.65607476234436,-945,480,71,288,1743,480,849,288
C,[-1.87465357e-01  2.98885362e+02],[  0.19920535 116.81403143],[-966  480   58  288],[1823  480  859  288],27.742823839187622,-966,480,58,288,1823,480,859,288
C,[-1.37921397e-01  2.66193971e+02],[  0.14688708 144.57514759],[-1550   480  -158   288],[2283  480  976  288],27.831678867340088,-1550,480,-158,288,2283,480,976,288
C,[-1.94712338e-01  3.04207848e+02],[  0.14699136 143.64583724],[-902  480   83  288],[2288  480  982  288],27.90951442718506,-902,480,83,288,2288,480,982,288
C,[-1.10391872e-01  2.50997987e+02],[  0.17765957 127.0011549 ],[-2074   480  -335   288],[1986  480  906  288],27.99459671974182,-2074,480,-335,288,1986,480,906,288
C,[-1.12691338e-01  2.61809321e+02],[1.24230906e-01 1.58000893e+02],[-1936   480  -232   288],[2591  480 1046  288],28.085297107696533,-1936,480,-232,288,2591,480,1046,288
C,[-1.26521383e-01  2.60592659e+02],[  0.20256751 116.36271716],[-1734   480  -216   288],[1795  480  847  288],28.170748233795166,-1734,480,-216,288,1795,480,847,288
C,[-1.01575630e-01  2.50282353e+02],[  0.20561757 111.41550711],[-2261   480  -371   288],[1792  480  858  288],28.259745359420776,-2261,480,-371,288,1792,480,858,288
C,[-1.44059406e-01  2.75177228e+02],[ 0.28211356 68.85311321],[-1421   480   -89   288],[1457  480  776  288],28.344552993774414,-1421,480,-89,288,1457,480,776,288
C,[-1.26533554e-01  2.62035226e+02],[  0.20506805 112.11225447],[-1722   480  -205   288],[1793  480  857  288],28.434932470321655,-1722,480,-205,288,1793,480,857,288
C,[-1.63847731e-01  2.87842536e+02],[ 0.28408551 69.18310528],[-1172   480     0   288],[1446  480  770  288],28.51957869529724,-1172,480,0,288,1446,480,770,288
C,[-1.26970595e-01  2.68573765e+02],[ 0.2334707  98.02883645],[-1665   480  -152   288],[1636  480  813  288],28.613674640655518,-1665,480,-152,288,1636,480,813,288
C,[-1.34337806e-01  2.68974182e+02],[  0.17489065 133.72405068],[-1570   480  -141   288],[1979  480  882  288],28.71123456954956,-1570,480,-141,288,1979,480,882,288
C,[-9.02420826e-02  2.63866482e+02],[  0.20034519 114.70202872],[-2395   480  -267   288],[1823  480  864  288],28.80204153060913,-2395,480,-267,288,1823,480,864,288
C,[-1.14178467e-01  2.53779641e+02],[  0.2216462  102.53654255],[-1981   480  -299   288],[1702  480  836  288],28.89916467666626,-1981,480,-299,288,1702,480,836,288
C,[-1.31237758e-01  2.65083201e+02],[  0.15588081 134.52272888],[-1637   480  -174   288],[2216  480  984  288],28.979077100753784,-1637,480,-174,288,2216,480,984,288
C,[-1.34721149e-01  2.65257845e+02],[  0.22576769 101.39294269],[-1593   480  -168   288],[1676  480  826  288],29.065269708633423,-1593,480,-168,288,1676,480,826,288
C,[-9.47788494e-02  2.45079814e+02],[ 0.23494006 97.76782334],[-2478   480  -452   288],[1626  480  809  288],29.155067205429077,-2478,480,-452,288,1626,480,809,288
C,[-7.38834718e-02  2.45873510e+02],[  0.17568973 119.90410363],[-3168   480  -570   288],[2049  480  956  288],29.240437030792236,-3168,480,-570,288,2049,480,956,288
C,[-7.57241287e-02  2.33155395e+02],[ 0.27299653 75.2675949 ],[-3259   480  -724   288],[1482  480  779  288],29.331650257110596,-3259,480,-724,288,1482,480,779,288
C,[-1.0053332e-01  2.4650987e+02],[ 0.27953444 72.3986863 ],[-2322   480  -412   288],[1458  480  771  288],29.41766667366028,-2322,480,-412,288,1458,480,771,288
C,[-4.68750000e-02  2.12953125e+02],[ 0.28938889 67.09058863],[-5696   480 -1600   288],[1426  480  763  288],29.505303859710693,-5696,480,-1600,288,1426,480,763,288
C,[-6.59340659e-02  2.35340659e+02],[ 0.28473494 69.62606976],[-3710   480  -798   288],[1441  480  766  288],29.589645862579346,-3710,480,-798,288,1441,480,766,288
C,[-7.95480226e-02  2.34137853e+02],[  0.18819447 122.73204959],[-3090   480  -677   288],[1898  480  878  288],29.67943525314331,-3090,480,-677,288,1898,480,878,288
C,[-6.06569325e-02  2.40850064e+02],[ 0.23851291 92.94698939],[-3942   480  -777   288],[1622  480  817  288],29.76433229446411,-3942,480,-777,288,1622,480,817,288
C,[-1.23041517e-01  2.60168627e+02],[  0.17403741 128.27950436],[-1786   480  -226   288],[2020  480  917  288],29.85359787940979,-1786,480,-226,288,2020,480,917,288
C,[-1.11497134e-01  2.52719350e+02],[  0.19630595 119.05090666],[-2038   480  -316   288],[1838  480  860  288],29.94562315940857,-2038,480,-316,288,1838,480,860,288
C,[-5.31491387e-02  2.33865182e+02],[ 0.28586343 71.44429806],[-4631   480 -1018   288],[1429  480  757  288],30.027655839920044,-4631,480,-1018,288,1429,480,757,288
C,[-8.99620246e-02  2.41347950e+02],[  0.14502995 142.57790693],[-2652   480  -518   288],[2326  480 1002  288],30.11529564857483,-2652,480,-518,288,2326,480,1002,288
C,[-7.43089501e-02  2.31091431e+02],[  0.22029699 101.11141699],[-3349   480  -765   288],[1719  480  848  288],30.209256649017334,-3349,480,-765,288,1719,480,848,288
C,[-1.07823056e-01  2.58690610e+02],[  0.1954428  113.53490575],[-2052   480  -271   288],[1875  480  892  288],30.298030138015747,-2052,480,-271,288,1875,480,892,288
C,[-1.12040478e-01  2.50331226e+02],[  0.20540832 112.15677662],[-2049   480  -336   288],[1790  480  856  288],30.388333559036255,-2049,480,-336,288,1790,480,856,288
C,[-1.2037348e-01  2.5695188e+02],[  0.22879846 102.22523721],[-1852   480  -257   288],[1651  480  811  288],30.476626873016357,-1852,480,-257,288,1651,480,811,288
C,[-1.13530809e-01  2.55041297e+02],[  0.19558547 112.37151268],[-1981   480  -290   288],[1879  480  897  288],30.564164400100708,-1981,480,-290,288,1879,480,897,288
C,[-1.13191024e-01  2.56904327e+02],[ 0.27628908 70.34382771],[-1970   480  -274   288],[1482  480  787  288],30.654769897460938,-1970,480,-274,288,1482,480,787,288
C,[-1.02356651e-01  2.46304581e+02],[  0.2351021  101.23826428],[-2283   480  -407   288],[1611  480  794  288],30.743990421295166,-2283,480,-407,288,1611,480,794,288
C,[-1.23367852e-01  2.59114019e+02],[  0.15579052 135.34085506],[-1790   480  -234   288],[2212  480  979  288],30.833498239517212,-1790,480,-234,288,2212,480,979,288
C,[-1.46598181e-01  2.64849754e+02],[  0.21267461 107.2328955 ],[-1467   480  -157   288],[1752  480  849  288],30.92481255531311,-1467,480,-157,288,1752,480,849,288
C,[-2.83017120e-01  2.98128139e+02],[ 0.28694072 71.53782453],[-642  480   35  288],[1423  480  754  288],31.01388907432556,-642,480,35,288,1423,480,754,288
C,[-2.41882175e-01  2.90935477e+02],[  0.20474608 114.45849666],[-781  480   12  288],[1785  480  847  288],31.097788333892822,-781,480,12,288,1785,480,847,288
C,[-2.06310745e-01  2.75516879e+02],[ 0.24474541 91.69685615],[-991  480  -60  288],[1586  480  802  288],31.187320947647095,-991,480,-60,288,1586,480,802,288
C,[-1.83690237e-01  2.69484460e+02],[ 0.25130792 88.52280651],[-1146   480  -100   288],[1557  480  793  288],31.27975296974182,-1146,480,-100,288,1557,480,793,288
C,[-1.03328756e-01  2.45110328e+02],[ 0.28070835 73.25999304],[-2273   480  -415   288],[1448  480  764  288],31.366632223129272,-2273,480,-415,288,1448,480,764,288
C,[-1.02570208e-01  2.46456508e+02],[ 0.28093035 74.20960642],[-2276   480  -405   288],[1444  480  761  288],31.45645308494568,-2276,480,-405,288,1444,480,761,288
C,[-9.63553545e-02  2.48284706e+02],[  0.20132428 117.62998817],[-2404   480  -412   288],[1799  480  846  288],31.550469160079956,-2404,480,-412,288,1799,480,846,288
C,[-1.10223228e-01  2.50953539e+02],[  0.23087503 101.88790679],[-2078   480  -336   288],[1637  480  806  288],31.637487173080444,-2078,480,-336,288,1637,480,806,288
C,[-1.07962213e-01  2.49105263e+02],[ 0.23216552 95.2305323 ],[-2138   480  -360   288],[1657  480  830  288],31.727282762527466,-2138,480,-360,288,1657,480,830,288
C,[-6.45353303e-02  2.43944777e+02],[ 0.24707996 92.5145222 ],[-3657   480  -682   288],[1568  480  791  288],31.816915035247803,-3657,480,-682,288,1568,480,791,288
C,[-9.97208437e-02  2.43794820e+02],[  0.18915526 124.3682497 ],[-2368   480  -443   288],[1880  480  865  288],31.905415534973145,-2368,480,-443,288,1880,480,865,288
C,[-7.27160494e-02  2.27003951e+02],[ 0.22803772 93.60538396],[-3479   480  -838   288],[1694  480  852  288],31.990787029266357,-3479,480,-838,288,1694,480,852,288
C,[-1.01603654e-01  2.45544969e+02],[ 0.28430877 73.36578195],[-2307   480  -417   288],[1430  480  754  288],32.07983160018921,-2307,480,-417,288,1430,480,754,288
C,[-1.02368937e-01  2.46083193e+02],[  0.22815166 102.52796758],[-2285   480  -409   288],[1654  480  812  288],32.15804624557495,-2285,480,-409,288,1654,480,812,288
C,[-1.33309031e-01  2.63741038e+02],[  0.183547   122.23489415],[-1622   480  -181   288],[1949  480  903  288],32.24577021598816,-1622,480,-181,288,1949,480,903,288
C,[-1.29901471e-01  2.63669763e+02],[ 0.24801533 90.07953222],[-1665   480  -187   288],[1572  480  798  288],32.338075160980225,-1665,480,-187,288,1572,480,798,288
C,[-1.17085654e-01  2.56259939e+02],[  0.17814708 128.66343694],[-1910   480  -271   288],[1972  480  894  288],32.430092096328735,-1910,480,-271,288,1972,480,894,288
C,[-2.05104131e-01  2.74693624e+02],[ 0.28827123 70.78374705],[-1000   480   -64   288],[1419  480  753  288],32.52571105957031,-1000,480,-64,288,1419,480,753,288
C,[-2.09152793e-01  2.83395202e+02],[ 0.28205321 72.6660606 ],[-940  480  -22  288],[1444  480  763  288],32.616904973983765,-940,480,-22,288,1444,480,763,288
C,[-2.70503578e-01  2.89533621e+02],[ 0.28027656 73.36818974],[-704  480    5  288],[1450  480  765  288],32.70613932609558,-704,480,5,288,1450,480,765,288
C,[-1.78775388e-01  2.70088333e+02],[  0.22815478 110.63273428],[-1174   480  -100   288],[1618  480  777  288],32.797789335250854,-1174,480,-100,288,1618,480,777,288
C,[-1.49147397e-01  2.62209142e+02],[  0.23175966 101.80499625],[-1460   480  -172   288],[1631  480  803  288],32.89305925369263,-1460,480,-172,288,1631,480,803,288
C,[-1.95621650e-01  2.68685436e+02],[ 0.28923141 68.81150413],[-1080   480   -98   288],[1421  480  757  288],32.986666440963745,-1080,480,-98,288,1421,480,757,288
C,[-1.29810073e-01  2.61354144e+02],[ 0.24139714 94.03407884],[-1684   480  -205   288],[1598  480  803  288],33.07564401626587,-1684,480,-205,288,1598,480,803,288
C,[-1.79641453e-01  2.74511144e+02],[ 0.33563655 43.67427929],[-1143   480   -75   288],[1299  480  727  288],33.16722059249878,-1143,480,-75,288,1299,480,727,288
C,[-1.52725865e-01  2.57720635e+02],[  0.15501125 139.96281989],[-1455   480  -198   288],[2193  480  955  288],33.263142824172974,-1455,480,-198,288,2193,480,955,288
C,[-1.10696153e-01  2.60071815e+02],[ 0.24392611 91.18059078],[-1986   480  -252   288],[1594  480  806  288],33.36672639846802,-1986,480,-252,288,1594,480,806,288
C,[-1.04058899e-01  2.53899058e+02],[  0.18435124 119.03088523],[-2172   480  -327   288],[1958  480  916  288],33.45974850654602,-2172,480,-327,288,1958,480,916,288
C,[-1.81028804e-01  2.69355040e+02],[ 0.2831628  72.39819331],[-1163   480  -102   288],[1439  480  761  288],33.54888153076172,-1163,480,-102,288,1439,480,761,288
C,[-4.92831541e-02  2.30214158e+02],[ 0.28362706 70.0993307 ],[-5068   480 -1172   288],[1445  480  768  288],33.63780117034912,-5068,480,-1172,288,1445,480,768,288
C,[-1.62679782e-01  2.66449563e+02],[ 0.28527421 70.3558155 ],[-1312   480  -132   288],[1435  480  762  288],33.737529039382935,-1312,480,-132,288,1435,480,762,288
C,[-5.77914786e-02  2.29105602e+02],[ 0.28360689 73.93162376],[-4341   480 -1019   288],[1431  480  754  288],33.828465938568115,-4341,480,-1019,288,1431,480,754,288
C,[-1.57515587e-01  2.60135572e+02],[ 0.27874511 75.59587983],[-1395   480  -176   288],[1450  480  762  288],33.912015438079834,-1395,480,-176,288,1450,480,762,288
C,[-9.19330289e-02  2.48377430e+02],[ 0.23887825 93.71850899],[-2519   480  -430   288],[1617  480  813  288],34.0013689994812,-2519,480,-430,288,1617,480,813,288
C,[-7.67043207e-02  2.49867813e+02],[ 0.24178885 92.15905898],[-3000   480  -497   288],[1604  480  809  288],34.087459564208984,-3000,480,-497,288,1604,480,809,288
C,[-1.63623051e-01  2.61384719e+02],[  0.16512598 129.90774012],[-1336   480  -162   288],[2120  480  957  288],34.17852258682251,-1336,480,-162,288,2120,480,957,288
C,[-1.00198413e-01  2.43971230e+02],[  0.19600897 119.0627844 ],[-2355   480  -439   288],[1841  480  861  288],34.264997720718384,-2355,480,-439,288,1841,480,861,288
C,[-1.72879105e-01  2.61454673e+02],[ 0.23750189 95.54309948],[-1264   480  -153   288],[1618  480  810  288],34.35090136528015,-1264,480,-153,288,1618,480,810,288
C,[-1.82337648e-01  2.63286081e+02],[ 0.34057766 41.69289903],[-1188   480  -135   288],[1286  480  723  288],34.4398980140686,-1188,480,-135,288,1286,480,723,288
C,[-2.08979111e-01  2.72836843e+02],[  0.1969582 115.6775712],[-991  480  -72  288],[1849  480  874  288],34.531999826431274,-991,480,-72,288,1849,480,874,288
C,[-9.47150423e-02  2.51835845e+02],[ 0.23090196 98.39090655],[-2408   480  -381   288],[1652  480  821  288],34.61980175971985,-2408,480,-381,288,1652,480,821,288
C,[-1.85230923e-01  2.67410654e+02],[  0.20355066 112.44541599],[-1147   480  -111   288],[1805  480  862  288],34.722460985183716,-1147,480,-111,288,1805,480,862,288
C,[-4.41964286e-02  2.26860268e+02],[  0.23138375 101.81457488],[-5727   480 -1383   288],[1634  480  804  288],34.81141424179077,-5727,480,-1383,288,1634,480,804,288
C,[-9.99731616e-02  2.42290123e+02],[  0.16960249 131.70040952],[-2377   480  -457   288],[2053  480  921  288],34.90683174133301,-2377,480,-457,288,2053,480,921,288
C,[-9.23261912e-02  2.46882220e+02],[  0.19188781 122.6975427 ],[-2524   480  -445   288],[1862  480  861  288],34.99328064918518,-2524,480,-445,288,1862,480,861,288
C,[-4.86130893e-02  2.32373502e+02],[ 0.32228556 54.1393035 ],[-5093   480 -1144   288],[1321  480  725  288],35.084031105041504,-5093,480,-1144,288,1321,480,725,288
C,[-1.68919171e-01  2.67664837e+02],[ 0.27994566 75.09844308],[-1257   480  -120   288],[1446  480  760  288],35.17244911193848,-1257,480,-120,288,1446,480,760,288
C,[-1.41811444e-01  2.63587772e+02],[  0.15198357 141.50199885],[-1526   480  -172   288],[2227  480  963  288],35.26255965232849,-1526,480,-172,288,2227,480,963,288
C,[-9.85755133e-02  2.48745649e+02],[ 0.24507923 91.61698521],[-2345   480  -398   288],[1584  480  801  288],35.35147166252136,-2345,480,-398,288,1584,480,801,288
C,[-1.15076679e-01  2.58149537e+02],[ 0.24392    93.92567855],[-1927   480  -259   288],[1582  480  795  288],35.434990644454956,-1927,480,-259,288,1582,480,795,288
C,[-8.81482238e-02  2.46819155e+02],[  0.19564487 120.54995417],[-2645   480  -467   288],[1837  480  855  288],35.533589124679565,-2645,480,-467,288,1837,480,855,288
C,[-2.01042603e-01  2.68273351e+02],[ 0.28416256 72.40259047],[-1053   480   -98   288],[1434  480  758  288],35.632299184799194,-1053,480,-98,288,1434,480,758,288
C,[-7.72642390e-02  2.38749066e+02],[ 0.23863927 96.51433043],[-3122   480  -637   288],[1606  480  802  288],35.73992037773132,-3122,480,-637,288,1606,480,802,288
C,[-1.16483418e-01  2.57347177e+02],[ 0.36298854 30.09974694],[-1911   480  -263   288],[1239  480  710  288],35.842238664627075,-1911,480,-263,288,1239,480,710,288
C,[-1.86637844e-01  2.63657718e+02],[  0.20379334 115.60975043],[-1159   480  -130   288],[1788  480  845  288],35.94990277290344,-1159,480,-130,288,1788,480,845,288
C,[-1.60792390e-01  2.60114406e+02],[  0.21027739 109.53406816],[-1367   480  -173   288],[1761  480  848  288],36.05001497268677,-1367,480,-173,288,1761,480,848,288
C,[-9.70618599e-02  2.53337623e+02],[  0.20316506 111.6296577 ],[-2335   480  -357   288],[1813  480  868  288],36.14752459526062,-2335,480,-357,288,1813,480,868,288
C,[-2.06595924e-01  2.78075361e+02],[ 0.24592067 92.77167509],[-977  480  -48  288],[1574  480  793  288],36.24817132949829,-977,480,-48,288,1574,480,793,288
C,[-8.73386196e-02  2.42872320e+02],[  0.18213461 135.58572625],[-2715   480  -516   288],[1890  480  836  288],36.3431932926178,-2715,480,-516,288,1890,480,836,288
C,[-1.50035014e-01  2.72558648e+02],[  0.17149376 132.40115838],[-1382   480  -102   288],[2026  480  907  288],36.43780851364136,-1382,480,-102,288,2026,480,907,288
C,[-2.22964978e-01  2.80246746e+02],[ 0.24664127 92.90425955],[-895  480  -34  288],[1569  480  791  288],36.533687353134155,-895,480,-34,288,1569,480,791,288
C,[-2.10369913e-01  2.90905515e+02],[ 0.24316923 92.96712889],[-898  480   13  288],[1591  480  802  288],36.62469005584717,-898,480,13,288,1591,480,802,288
C,[-7.43442381e-02  2.54976054e+02],[  0.21982202 103.20727509],[-3026   480  -444   288],[1714  480  840  288],36.7278265953064,-3026,480,-444,288,1714,480,840,288
C,[-1.17392019e-01  2.54281232e+02],[  0.16777091 133.23260332],[-1922   480  -287   288],[2066  480  922  288],36.817039012908936,-1922,480,-287,288,2066,480,922,288
C,[-4.89106310e-02  2.39080156e+02],[  0.15759594 143.46764253],[-4925   480 -1000   288],[2135  480  917  288],36.913711071014404,-4925,480,-1000,288,2135,480,917,288
C,[-1.49895593e-01  2.73997433e+02],[ 0.24795154 89.62505795],[-1374   480   -93   288],[1574  480  800  288],37.009196758270264,-1374,480,-93,288,1574,480,800,288
C,[-7.45140004e-02  2.35401817e+02],[  0.15402745 142.28369056],[-3282   480  -705   288],[2192  480  946  288],37.09568524360657,-3282,480,-705,288,2192,480,946,288
C,[-9.68802081e-02  2.58967287e+02],[ 0.23477833 99.65192335],[-2281   480  -299   288],[1620  480  802  288],37.18938994407654,-2281,480,-299,288,1620,480,802,288
C,[-1.71844627e-01  2.64647377e+02],[  0.1940341  118.74985004],[-1253   480  -135   288],[1861  480  872  288],37.28151345252991,-1253,480,-135,288,1861,480,872,288
C,[-9.41323674e-02  2.40657659e+02],[  0.18898884 121.58976543],[-2542   480  -502   288],[1896  480  880  288],37.374133586883545,-2542,480,-502,288,1896,480,880,288
C,[-8.06970114e-02  2.44947409e+02],[  0.18942011 121.6290802 ],[-2912   480  -533   288],[1891  480  878  288],37.46209931373596,-2912,480,-533,288,1891,480,878,288
C,[-1.08704048e-01  2.54692050e+02],[ 0.28188729 72.60444835],[-2072   480  -306   288],[1445  480  764  288],37.556267976760864,-2072,480,-306,288,1445,480,764,288
C,[-9.38368349e-02  2.47009920e+02],[  0.19681587 119.34410825],[-2482   480  -436   288],[1832  480  856  288],37.64454770088196,-2482,480,-436,288,1832,480,856,288
C,[-1.00198413e-01  2.43971230e+02],[  0.15876881 135.77442656],[-2355   480  -439   288],[2168  480  958  288],37.727635622024536,-2355,480,-439,288,2168,480,958,288
C,[-8.65436536e-02  2.41524655e+02],[  0.16854325 134.34899139],[-2755   480  -537   288],[2050  480  911  288],37.821916341781616,-2755,480,-537,288,2050,480,911,288
C,[-7.08577952e-02  2.34794113e+02],[ 0.28051779 71.96328186],[-3460   480  -750   288],[1454  480  770  288],37.91147041320801,-3460,480,-750,288,1454,480,770,288
C,[-9.91379310e-02  2.43400862e+02],[  0.19547816 119.43802015],[-2386   480  -449   288],[1844  480  862  288],38.010987758636475,-2386,480,-449,288,1844,480,862,288
C,[-6.89727615e-02  2.34973392e+02],[  0.21587928 112.61459044],[-3552   480  -768   288],[1701  480  812  288],38.11124920845032,-3552,480,-768,288,1701,480,812,288
C,[-1.51092911e-01  2.56541726e+02],[  0.23345285 108.97476207],[-1478   480  -208   288],[1589  480  766  288],38.204142808914185,-1478,480,-208,288,1589,480,766,288
C,[-1.07177211e-01  2.54160747e+02],[ 0.27829873 75.49680198],[-2107   480  -315   288],[1453  480  763  288],38.29329252243042,-2107,480,-315,288,1453,480,763,288
C,[-1.30423271e-01  2.61545646e+02],[  0.21978339 102.9380675 ],[-1674   480  -202   288],[1715  480  842  288],38.38328552246094,-1674,480,-202,288,1715,480,842,288
C,[-9.06864182e-02  2.43141558e+02],[  0.14918103 142.03839779],[-2611   480  -494   288],[2265  480  978  288],38.476710081100464,-2611,480,-494,288,2265,480,978,288
C,[-8.75000000e-02  2.36483929e+02],[  0.19809706 117.5379123 ],[-2783   480  -588   288],[1829  480  860  288],38.57477164268494,-2783,480,-588,288,1829,480,860,288
C,[-2.12183944e-01  2.84936533e+02],[ 0.24756108 90.29482345],[-919  480  -14  288],[1574  480  798  288],38.666027784347534,-919,480,-14,288,1574,480,798,288
C,[-8.38005835e-02  2.43552064e+02],[  0.22299308 109.70612205],[-2821   480  -530   288],[1660  480  799  288],38.75692176818848,-2821,480,-530,288,1660,480,799,288
C,[-1.01907095e-01  2.52810717e+02],[  0.22472997 103.38286557],[-2229   480  -345   288],[1675  480  821  288],38.84275984764099,-2229,480,-345,288,1675,480,821,288
C,[-7.08577952e-02  2.34794113e+02],[ 0.2390928  97.40650103],[-3460   480  -750   288],[1600  480  797  288],38.933778285980225,-3460,480,-750,288,1600,480,797,288
C,[-1.19295684e-01  2.59165108e+02],[ 0.31173703 57.28795796],[-1851   480  -241   288],[1355  480  740  288],39.02275633811951,-1851,480,-241,288,1355,480,740,288
C,[-9.71063011e-02  2.51040590e+02],[  0.19529524 113.93026871],[-2357   480  -380   288],[1874  480  891  288],39.11404228210449,-2357,480,-380,288,1874,480,891,288
C,[-1.06834734e-01  2.48669356e+02],[ 0.24406333 91.96119357],[-2165   480  -368   288],[1589  480  803  288],39.20963668823242,-2165,480,-368,288,1589,480,803,288
C,[-6.41310541e-02  2.32692707e+02],[ 0.27695864 75.26038895],[-3856   480  -862   288],[1461  480  768  288],39.30391454696655,-3856,480,-862,288,1461,480,768,288
C,[-4.97906117e-02  2.25630070e+02],[ 0.2309785  99.02727998],[-5108   480 -1252   288],[1649  480  818  288],39.40090036392212,-5108,480,-1252,288,1649,480,818,288
C,[-1.09413595e-01  2.51881831e+02],[  0.17803299 138.61336795],[-2084   480  -330   288],[1917  480  839  288],39.4964599609375,-2084,480,-330,288,1917,480,839,288
C,[-5.4806755e-02  2.3583118e+02],[  0.19721693 122.78817897],[-4455   480  -951   288],[1811  480  837  288],39.590813636779785,-4455,480,-951,288,1811,480,837,288
C,[-6.71788810e-02  2.32556935e+02],[ 0.31397555 56.83548006],[-3683   480  -825   288],[1347  480  736  288],39.69729995727539,-3683,480,-825,288,1347,480,736,288
C,[-1.47652566e-01  2.60378311e+02],[ 0.29181942 68.98049682],[-1487   480  -187   288],[1408  480  750  288],39.81429123878479,-1487,480,-187,288,1408,480,750,288
C,[-6.79101229e-02  2.35612777e+02],[ 0.24481192 93.27441415],[-3598   480  -771   288],[1579  480  795  288],39.92315149307251,-3598,480,-771,288,1579,480,795,288
C,[-6.42446634e-02  2.30753489e+02],[ 0.28018884 73.49248745],[-3879   480  -891   288],[1450  480  765  288],40.01579475402832,-3879,480,-891,288,1450,480,765,288
C,[-9.77809706e-02  2.47676485e+02],[  0.23065939 102.09562239],[-2375   480  -412   288],[1638  480  805  288],40.11292290687561,-2375,480,-412,288,1638,480,805,288
C,[-9.91379310e-02  2.43400862e+02],[  0.19737167 117.65831275],[-2386   480  -449   288],[1835  480  863  288],40.219014406204224,-2386,480,-449,288,1835,480,863,288
C,[-2.65986173e-01  2.86911946e+02],[  0.21494629 108.23473613],[-725  480   -4  288],[1729  480  836  288],40.31828331947327,-725,480,-4,288,1729,480,836,288
C,[-6.32475640e-02  2.30116343e+02],[  0.21697987 108.61128632],[-3950   480  -915   288],[1711  480  826  288],40.41972517967224,-3950,480,-915,288,1711,480,826,288
C,[-6.12777778e-02  2.40236222e+02],[  0.18647099 122.91232896],[-3912   480  -779   288],[1914  480  885  288],40.50905394554138,-3912,480,-779,288,1914,480,885,288
C,[-7.55913843e-02  2.38232577e+02],[ 0.24764431 91.13715595],[-3198   480  -658   288],[1570  480  794  288],40.599223613739014,-3198,480,-658,288,1570,480,794,288
C,[-9.6405664e-02  2.4810265e+02],[ 0.23719521 99.7948978 ],[-2405   480  -413   288],[1602  480  793  288],40.688575983047485,-2405,480,-413,288,1602,480,793,288
C,[-1.14778665e-01  2.53053702e+02],[  0.2053577  114.97313654],[-1977   480  -304   288],[1777  480  842  288],40.78735685348511,-1977,480,-304,288,1777,480,842,288
C,[-1.00683971e-01  2.55296339e+02],[  0.15413653 144.18369313],[-2231   480  -324   288],[2178  480  933  288],40.88453960418701,-2231,480,-324,288,2178,480,933,288
C,[-6.20352355e-02  2.38374786e+02],[  0.15226526 151.77803811],[-3894   480  -799   288],[2155  480  894  288],40.9767746925354,-3894,480,-799,288,2155,480,894,288
C,[-1.63605005e-01  2.56211148e+02],[  0.19695671 115.89704709],[-1367   480  -194   288],[1848  480  873  288],41.064497232437134,-1367,480,-194,288,1848,480,873,288
C,[-6.86988918e-02  2.35865278e+02],[  0.18311264 134.46303937],[-3553   480  -758   288],[1887  480  838  288],41.157265186309814,-3553,480,-758,288,1887,480,838,288
C,[-5.85684891e-02  2.27614565e+02],[ 0.28175694 73.57779317],[-4309   480 -1031   288],[1442  480  761  288],41.24648594856262,-4309,480,-1031,288,1442,480,761,288
C,[-2.60549143e-01  2.96775991e+02],[  0.21279923 105.63382371],[-703  480   33  288],[1759  480  856  288],41.348955154418945,-703,480,33,288,1759,480,856,288
C,[-7.09626416e-02  2.45797722e+02],[ 0.33698518 43.43973703],[-3300   480  -594   288],[1295  480  725  288],41.44137740135193,-3300,480,-594,288,1295,480,725,288
C,[-1.82955854e-01  2.65569360e+02],[  0.2320793 101.2847569],[-1172   480  -122   288],[1631  480  804  288],41.53349828720093,-1172,480,-122,288,1631,480,804,288
C,[-1.86120699e-01  2.72553429e+02],[ 0.31487463 56.59603518],[-1114   480   -82   288],[1344  480  734  288],41.622015714645386,-1114,480,-82,288,1344,480,734,288
C,[-6.43499887e-02  2.36737941e+02],[  0.19163976 118.96668522],[-3780   480  -796   288],[1883  480  882  288],41.713510274887085,-3780,480,-796,288,1883,480,882,288
C,[-1.16965262e-01  2.57832719e+02],[ 0.31422456 56.42475363],[-1899   480  -257   288],[1348  480  736  288],41.80230259895325,-1899,480,-257,288,1348,480,736,288
C,[-1.42549191e-01  2.55218883e+02],[1.46720433e-01 1.50484237e+02],[-1576   480  -229   288],[2245  480  937  288],41.89194893836975,-1576,480,-229,288,2245,480,937,288
C,[-1.23446944e-01  2.61964090e+02],[  0.19435711 127.08213782],[-1766   480  -210   288],[1815  480  827  288],41.97999358177185,-1766,480,-210,288,1815,480,827,288
C,[-1.14342026e-01  2.53168968e+02],[ 0.28639063 75.54109123],[-1983   480  -304   288],[1412  480  741  288],42.07443451881409,-1983,480,-304,288,1412,480,741,288
C,[-5.87394832e-02  2.35452164e+02],[ 0.33762418 43.21795562],[-4163   480  -894   288],[1293  480  725  288],42.16234087944031,-4163,480,-894,288,1293,480,725,288
C,[-1.64410685e-01  2.61259847e+02],[  0.17073443 138.50649979],[-1330   480  -162   288],[2000  480  875  288],42.2472608089447,-1330,480,-162,288,2000,480,875,288
C,[-7.22129818e-02  2.34204956e+02],[ 0.28190617 72.75986967],[-3403   480  -744   288],[1444  480  763  288],42.337218284606934,-3403,480,-744,288,1444,480,763,288
C,[-7.35890089e-02  2.40805492e+02],[  0.20172116 120.44418668],[-3250   480  -641   288],[1782  480  830  288],42.43027329444885,-3250,480,-641,288,1782,480,830,288
C,[-4.21073900e-02  2.38083373e+02],[ 0.28601044 71.85159269],[-5745   480 -1185   288],[1427  480  755  288],42.52285599708557,-5745,480,-1185,288,1427,480,755,288
C,[-1.94199579e-01  2.76733043e+02],[ 0.24233304 94.63596375],[-1046   480   -58   288],[1590  480  797  288],42.62094187736511,-1046,480,-58,288,1590,480,797,288
C,[-1.51570667e-01  2.59253857e+02],[  0.23188064 101.34855931],[-1456   480  -189   288],[1632  480  804  288],42.71188235282898,-1456,480,-189,288,1632,480,804,288
C,[-2.24576144e-01  2.78268466e+02],[ 0.28031754 71.79716789],[-898  480  -43  288],[1456  480  771  288],42.80531191825867,-898,480,-43,288,1456,480,771,288
C,[-2.18674909e-01  2.87172481e+02],[ 0.28059628 73.63535116],[-881  480   -3  288],[1448  480  763  288],42.897451639175415,-881,480,-3,288,1448,480,763,288
C,[-7.90847136e-02  2.37640204e+02],[  0.23212797 101.26440128],[-3064   480  -636   288],[1631  480  804  288],43.00197887420654,-3064,480,-636,288,1631,480,804,288
C,[-7.23544974e-02  2.40514153e+02],[  0.19747621 117.6880706 ],[-3309   480  -656   288],[1834  480  862  288],43.09057855606079,-3309,480,-656,288,1834,480,862,288
C,[-2.00054402e-01  2.68098489e+02],[  0.19369942 118.8417954 ],[-1059   480   -99   288],[1864  480  873  288],43.18283414840698,-1059,480,-99,288,1864,480,873,288
C,[-8.14027716e-02  2.35409515e+02],[  0.19043802 119.93398584],[-3004   480  -646   288],[1890  480  882  288],43.27262043952942,-3004,480,-646,288,1890,480,882,288
C,[-2.01484674e-01  2.69120929e+02],[ 0.28229588 73.12495684],[-1046   480   -93   288],[1441  480  761  288],43.3563175201416,-1046,480,-93,288,1441,480,761,288
C,[-1.0177889e-01  2.5245337e+02],[1.24513897e-01 1.65492824e+02],[-2235   480  -349   288],[2525  480  983  288],43.44629406929016,-2235,480,-349,288,2525,480,983,288
C,[-6.59060168e-02  2.35274824e+02],[ 0.36397898 29.22889692],[-3713   480  -800   288],[1238  480  710  288],43.535754680633545,-3713,480,-800,288,1238,480,710,288
C,[-1.84409460e-01  2.70633086e+02],[  0.22799988 102.73271502],[-1135   480   -94   288],[1654  480  812  288],43.62712788581848,-1135,480,-94,288,1654,480,812,288
C,[-9.06062455e-02  2.46912140e+02],[  0.19368984 120.19137617],[-2572   480  -453   288],[1857  480  866  288],43.717960596084595,-2572,480,-453,288,1857,480,866,288
C,[-8.21504884e-02  2.38541171e+02],[ 0.23226415 98.59574109],[-2939   480  -602   288],[1642  480  815  288],43.80819249153137,-2939,480,-602,288,1642,480,815,288
C,[-1.61774904e-01  2.60705631e+02],[  0.19124694 122.8589601 ],[-1355   480  -168   288],[1867  480  863  288],43.89766550064087,-1355,480,-168,288,1867,480,863,288
C,[ -0.30535162 299.9205069 ],[ 0.24028846 93.24237202],[-589  480   39  288],[1609  480  810  288],43.98895597457886,-589,480,39,288,1609,480,810,288
C,[-1.46222064e-01  2.70420679e+02],[  0.19800942 115.74122875],[-1433   480  -120   288],[1839  480  869  288],44.088703632354736,-1433,480,-120,288,1839,480,869,288
C,[-1.46253687e-01  2.57353452e+02],[ 0.33557903 44.06187068],[-1522   480  -209   288],[1299  480  726  288],44.17925429344177,-1522,480,-209,288,1299,480,726,288
C,[-8.01384395e-02  2.40912111e+02],[ 0.25004593 86.94827655],[-2983   480  -587   288],[1571  480  804  288],44.27930164337158,-2983,480,-587,288,1571,480,804,288
C,[-7.04017630e-02  2.34137884e+02],[ 0.28129482 73.99213672],[-3492   480  -765   288],[1443  480  760  288],44.36838364601135,-3492,480,-765,288,1443,480,760,288
C,[-7.02231900e-02  2.34421521e+02],[  0.17731718 131.99488166],[-3497   480  -762   288],[1962  480  879  288],44.453874588012695,-3497,480,-762,288,1962,480,879,288
C,[-9.60853263e-02  2.48602143e+02],[  0.21291799 110.27989208],[-2408   480  -410   288],[1736  480  834  288],44.54945707321167,-2408,480,-410,288,1736,480,834,288
C,[-4.81834975e-02  2.25065117e+02],[ 0.28197482 73.13647811],[-5290   480 -1306   288],[1442  480  761  288],44.64381432533264,-5290,480,-1306,288,1442,480,761,288
C,[-1.66222385e-01  2.69326306e+02],[ 0.28326622 72.38172758],[-1267   480  -112   288],[1438  480  761  288],44.740612745285034,-1267,480,-112,288,1438,480,761,288
C,[-5.24704392e-02  2.27690069e+02],[ 0.28228064 70.18108098],[-4808   480 -1149   288],[1451  480  771  288],44.83267307281494,-4808,480,-1149,288,1451,480,771,288
C,[-1.79956890e-01  2.68159452e+02],[  0.19307656 118.77942631],[-1177   480  -110   288],[1870  480  876  288],44.91979432106018,-1177,480,-110,288,1870,480,876,288
C,[-1.51692876e-01  2.73457861e+02],[  0.15203207 142.03262155],[-1361   480   -95   288],[2223  480  960  288],45.01088261604309,-1361,480,-95,288,2223,480,960,288
C,[-1.02634223e-01  2.46974922e+02],[ 0.28092954 71.9281535 ],[-2270   480  -399   288],[1452  480  769  288],45.10104155540466,-2270,480,-399,288,1452,480,769,288
C,[-6.22198880e-02  2.31358018e+02],[ 0.33624381 43.97859695],[-3996   480  -910   288],[1296  480  725  288],45.18889093399048,-3996,480,-910,288,1296,480,725,288
C,[-9.91379310e-02  2.43400862e+02],[  0.1925866  118.38574836],[-2386   480  -449   288],[1877  480  880  288],45.27770757675171,-2386,480,-449,288,1877,480,880,288
C,[-8.96313753e-02  2.45563516e+02],[  0.22581491 104.00310651],[-2615   480  -473   288],[1665  480  814  288],45.36602568626404,-2615,480,-473,288,1665,480,814,288
C,[-1.33815392e-01  2.57853708e+02],[  0.19291695 119.4332228 ],[-1660   480  -225   288],[1869  480  873  288],45.458529472351074,-1660,480,-225,288,1869,480,873,288
C,[-2.13866631e-01  2.90253264e+02],[  0.20811506 112.35011348],[-887  480   10  288],[1766  480  844  288],45.54125165939331,-887,480,10,288,1766,480,844,288
C,[-8.69099454e-02  2.44561096e+02],[ 0.28245333 73.24093652],[-2708   480  -499   288],[1440  480  760  288],45.63214349746704,-2708,480,-499,288,1440,480,760,288
C,[-2.63929653e-01  2.99165599e+02],[ 0.23474481 97.70030006],[-685  480   42  288],[1628  480  810  288],45.723093032836914,-685,480,42,288,1628,480,810,288
C,[-1.09057629e-01  2.49461797e+02],[ 0.28164598 71.03883016],[-2113   480  -353   288],[1452  480  770  288],45.810720682144165,-2113,480,-353,288,1452,480,770,288
C,[-7.65065298e-02  2.41100372e+02],[ 0.24281456 90.55432734],[-3122   480  -613   288],[1603  480  813  288],45.90944147109985,-3122,480,-613,288,1603,480,813,288
C,[-4.35843568e-02  2.23503668e+02],[ 0.24073561 92.07635967],[-5885   480 -1479   288],[1611  480  813  288],45.995755434036255,-5885,480,-1479,288,1611,480,813,288
C,[-1.99223085e-02  2.16242120e+02],[ 0.28074855 65.74377164],[-13239    480  -3601    288],[1475  480  791  288],46.08491396903992,-13239,480,-3601,288,1475,480,791,288
C,[-1.59357575e-01  2.55440471e+02],[ 0.27604106 78.24247488],[-1409   480  -204   288],[1455  480  759  288],46.17469048500061,-1409,480,-204,288,1455,480,759,288
C,[-5.11508951e-02  2.31090153e+02],[  0.22820302 103.37224471],[-4866   480 -1112   288],[1650  480  809  288],46.26264524459839,-4866,480,-1112,288,1650,480,809,288
C,[-8.91417776e-02  2.46413790e+02],[ 0.28049616 75.3596558 ],[-2620   480  -466   288],[1442  480  758  288],46.354082107543945,-2620,480,-466,288,1442,480,758,288
C,[-5.69833409e-02  2.24103679e+02],[ 0.2839261  71.53257886],[-4490   480 -1121   288],[1438  480  762  288],46.442949295043945,-4490,480,-1121,288,1438,480,762,288
C,[-6.47368993e-02  2.31832023e+02],[ 0.24390068 93.7238694 ],[-3833   480  -867   288],[1583  480  796  288],46.53715515136719,-3833,480,-867,288,1583,480,796,288
C,[-6.59091913e-02  2.44571869e+02],[ 0.2525832  89.66747385],[-3572   480  -658   288],[1545  480  785  288],46.626089096069336,-3572,480,-658,288,1545,480,785,288
C,[-1.58561813e-01  2.63579952e+02],[  0.19777345 118.96053321],[-1364   480  -154   288],[1825  480  854  288],46.71326279640198,-1364,480,-154,288,1825,480,854,288
C,[-4.38896731e-02  2.30917835e+02],[  0.20003172 116.02933587],[-5675   480 -1300   288],[1819  480  859  288],46.80849647521973,-5675,480,-1300,288,1819,480,859,288
C,[-1.19291267e-01  2.45330650e+02],[  0.16970396 135.7854899 ],[-1967   480  -357   288],[2028  480  896  288],46.90516114234924,-1967,480,-357,288,2028,480,896,288
C,[-8.77984779e-02  2.45819442e+02],[ 0.2496016  87.15879224],[-2667   480  -480   288],[1573  480  804  288],46.994237661361694,-2667,480,-480,288,1573,480,804,288
C,[-2.01414996e-01  2.68189562e+02],[ 0.24710392 87.93833635],[-1051   480   -98   288],[1586  480  809  288],47.08623194694519,-1051,480,-98,288,1586,480,809,288
C,[-2.04086743e-01  2.70133320e+02],[ 0.23824776 92.98020592],[-1028   480   -87   288],[1624  480  818  288],47.173983573913574,-1028,480,-87,288,1624,480,818,288
C,[-4.13865546e-02  2.34387185e+02],[  0.21802476 108.18254126],[-5934   480 -1295   288],[1705  480  824  288],47.263806104660034,-5934,480,-1295,288,1705,480,824,288
C,[-1.20704111e-01  2.57190660e+02],[ 0.24612385 91.12858412],[-1845   480  -255   288],[1579  480  799  288],47.35735464096069,-1845,480,-255,288,1579,480,799,288
C,[-8.42363565e-02  2.41773057e+02],[  0.21669991 103.54326051],[-2828   480  -548   288],[1737  480  851  288],47.45031142234802,-2828,480,-548,288,1737,480,851,288
C,[-8.72989369e-02  2.44798770e+02],[ 0.28048915 74.26289229],[-2694   480  -494   288],[1446  480  762  288],47.54038739204407,-2694,480,-494,288,1446,480,762,288
C,[-1.125000e-01  2.514875e+02],[ 0.24437061 92.03927891],[-2031   480  -324   288],[1587  480  801  288],47.62753486633301,-2031,480,-324,288,1587,480,801,288
C,[-2.08271385e-01  2.79540910e+02],[  0.23152187 101.85526185],[-962  480  -40  288],[1633  480  804  288],47.70776414871216,-962,480,-40,288,1633,480,804,288
C,[-1.01818667e-01  2.50562071e+02],[  0.23300649 100.15186876],[-2253   480  -367   288],[1630  480  806  288],47.80977964401245,-2253,480,-367,288,1630,480,806,288
C,[-8.07924609e-02  2.41972371e+02],[ 0.3117527  57.29282006],[-2946   480  -569   288],[1355  480  740  288],47.90032458305359,-2946,480,-569,288,1355,480,740,288
C,[-1.11917948e-01  2.56196344e+02],[ 0.24580545 89.91501936],[-1999   480  -284   288],[1586  480  805  288],47.99384808540344,-1999,480,-284,288,1586,480,805,288
C,[-1.20400263e-01  2.55172805e+02],[  0.14893974 142.49431162],[-1867   480  -272   288],[2266  480  976  288],48.08549499511719,-1867,480,-272,288,2266,480,976,288
C,[-7.33648207e-02  2.33239438e+02],[  0.18990087 120.08139253],[-3363   480  -746   288],[1895  480  884  288],48.185481548309326,-3363,480,-746,288,1895,480,884,288
C,[-1.00731159e-01  2.45480974e+02],[  0.19499543 118.68436666],[-2328   480  -422   288],[1852  480  868  288],48.27876806259155,-2328,480,-422,288,1852,480,868,288
C,[-1.03466387e-01  2.45967962e+02],[ 0.22658388 98.54099446],[-2261   480  -406   288],[1683  480  836  288],48.375144481658936,-2261,480,-406,288,1683,480,836,288
C,[-4.97752398e-02  2.25041910e+02],[ 0.2498483  87.53618333],[-5122   480 -1264   288],[1570  480  802  288],48.471129417419434,-5122,480,-1264,288,1570,480,802,288
C,[-5.00992063e-02  2.26235615e+02],[ 0.2335372  99.94887161],[-5065   480 -1232   288],[1627  480  805  288],48.56463670730591,-5065,480,-1232,288,1627,480,805,288
C,[-1.41923378e-01  2.63282327e+02],[ 0.31308581 54.82883382],[-1527   480  -174   288],[1358  480  744  288],48.66315412521362,-1527,480,-174,288,1358,480,744,288
C,[-1.05316150e-01  2.51836932e+02],[ 0.31450803 56.66361538],[-2166   480  -343   288],[1346  480  735  288],48.759753704071045,-2166,480,-343,288,1346,480,735,288
C,[-1.01501502e-01  2.44803904e+02],[  0.21918881 106.53059591],[-2317   480  -425   288],[1703  480  827  288],48.845919370651245,-2317,480,-425,288,1703,480,827,288
C,[-6.31565937e-02  2.30058213e+02],[ 0.28547644 71.4693084 ],[-3957   480  -917   288],[1431  480  758  288],48.93900537490845,-3957,480,-917,288,1431,480,758,288
C,[-1.37200059e-01  2.62744699e+02],[ 0.33621979 44.20228524],[-1583   480  -184   288],[1296  480  725  288],49.03720498085022,-1583,480,-184,288,1296,480,725,288
C,[-1.10308442e-01  2.53702922e+02],[ 0.28187867 72.73518463],[-2051   480  -310   288],[1444  480  763  288],49.13868689537048,-2051,480,-310,288,1444,480,763,288
C,[-8.71794872e-02  2.44866667e+02],[ 0.28119858 74.05756145],[-2697   480  -494   288],[1443  480  760  288],49.23237323760986,-2697,480,-494,288,1443,480,760,288
C,[-8.97547975e-02  2.49682245e+02],[  0.1882821  121.05291929],[-2566   480  -426   288],[1906  480  886  288],49.32780337333679,-2566,480,-426,288,1906,480,886,288
C,[-1.23806588e-01  2.61739929e+02],[  0.17072035 131.90127169],[-1762   480  -212   288],[2038  480  914  288],49.423405170440674,-1762,480,-212,288,2038,480,914,288
C,[-1.60920716e-01  2.56872123e+02],[ 0.22608019 99.62553764],[-1386   480  -193   288],[1682  480  833  288],49.52118539810181,-1386,480,-193,288,1682,480,833,288
C,[-8.07698051e-02  2.37882684e+02],[  0.19503483 120.78563409],[-2997   480  -620   288],[1841  480  857  288],49.62101602554321,-2997,480,-620,288,1841,480,857,288
C,[-5.14408712e-02  2.38017983e+02],[ 0.24436022 90.50217636],[-4704   480  -971   288],[1593  480  808  288],49.71560311317444,-4704,480,-971,288,1593,480,808,288
C,[-1.12637471e-01  2.60501002e+02],[  0.19365486 116.94544818],[-1948   480  -244   288],[1874  480  883  288],49.82037329673767,-1948,480,-244,288,1874,480,883,288
C,[-1.53316455e-01  2.74469592e+02],[ 0.27413422 80.70484771],[-1340   480   -88   288],[1456  480  756  288],49.916483879089355,-1340,480,-88,288,1456,480,756,288
C,[-6.53389238e-02  2.31381202e+02],[  0.23100334 100.59786025],[-3805   480  -866   288],[1642  480  811  288],50.00171256065369,-3805,480,-866,288,1642,480,811,288
C,[-6.67989418e-02  2.32314153e+02],[ 0.2426106  94.49261367],[-3707   480  -833   288],[1588  480  797  288],50.10016441345215,-3707,480,-833,288,1588,480,797,288
C,[-8.42162750e-02  2.40931144e+02],[ 0.22815554 99.62905607],[-2838   480  -558   288],[1667  480  825  288],50.20184302330017,-2838,480,-558,288,1667,480,825,288
C,[-7.67517371e-02  2.37972713e+02],[ 0.25953413 83.30689673],[-3153   480  -651   288],[1528  480  788  288],50.29497957229614,-3153,480,-651,288,1528,480,788,288
C,[-7.41227979e-02  2.32236678e+02],[ 0.28522411 71.94969665],[-3342   480  -752   288],[1430  480  757  288],50.389660358428955,-3342,480,-752,288,1430,480,757,288
C,[-8.08931311e-02  2.33691081e+02],[  0.1947883  119.24065707],[-3044   480  -671   288],[1852  480  866  288],50.493107080459595,-3044,480,-671,288,1852,480,866,288
C,[-8.45856524e-02  2.46053772e+02],[  0.14990276 144.47887256],[-2765   480  -495   288],[2238  480  957  288],50.597007751464844,-2765,480,-495,288,2238,480,957,288
C,[-6.13908405e-02  2.42254066e+02],[  0.16368545 133.74037969],[-3872   480  -745   288],[2115  480  942  288],50.69578981399536,-3872,480,-745,288,2115,480,942,288
C,[-1.97317377e-01  2.73719790e+02],[ 0.24440813 91.09655442],[-1045   480   -72   288],[1591  480  805  288],50.80035996437073,-1045,480,-72,288,1591,480,805,288
C,[-9.86819037e-02  2.55581422e+02],[ 0.23327022 94.4202874 ],[-2274   480  -328   288],[1652  480  829  288],50.89746427536011,-2274,480,-328,288,1652,480,829,288
C,[-9.08920540e-02  2.38601762e+02],[1.36859140e-01 1.50597408e+02],[-2655   480  -543   288],[2406  480 1003  288],50.992916107177734,-2655,480,-543,288,2406,480,1003,288
C,[-9.93045775e-02  2.44432745e+02],[  0.16795216 132.01143327],[-2372   480  -438   288],[2071  480  928  288],51.089848279953,-2372,480,-438,288,2071,480,928,288
C,[-7.04476141e-02  2.32999453e+02],[1.37610386e-01 1.47596472e+02],[-3506   480  -780   288],[2415  480 1020  288],51.17863893508911,-3506,480,-780,288,2415,480,1020,288
C,[-1.02382302e-01  2.63820417e+02],[  0.14704803 144.06199249],[-2111   480  -236   288],[2284  480  978  288],51.27492666244507,-2111,480,-236,288,2284,480,978,288
C,[-6.42446634e-02  2.30420156e+02],[  0.21383884 107.93221944],[-3884   480  -896   288],[1739  480  842  288],51.36923336982727,-3884,480,-896,288,1739,480,842,288
C,[-8.27536183e-02  2.38599018e+02],[  0.18602469 129.6029361 ],[-2917   480  -596   288],[1883  480  851  288],51.46658158302307,-2917,480,-596,288,1883,480,851,288
C,[-6.87344265e-02  2.32221998e+02],[ 0.24339673 98.77862369],[-3604   480  -811   288],[1566  480  777  288],51.5644645690918,-3604,480,-811,288,1566,480,777,288
C,[-6.46145854e-02  2.30989869e+02],[  0.23099622 102.0920613 ],[-3853   480  -882   288],[1635  480  804  288],51.65833759307861,-3853,480,-882,288,1635,480,804,288
C,[-9.01972885e-02  2.46901692e+02],[ 0.2504336  88.36895066],[-2584   480  -455   288],[1563  480  797  288],51.75127553939819,-2584,480,-455,288,1563,480,797,288
C,[-4.90041929e-02  2.39408543e+02],[1.46725669e-01 1.49983587e+02],[-4909   480  -991   288],[2249  480  940  288],51.84829521179199,-4909,480,-991,288,2249,480,940,288
C,[-1.22692308e-01  2.59034817e+02],[  0.17064065 131.75124699],[-1800   480  -236   288],[2040  480  915  288],51.94863033294678,-1800,480,-236,288,2040,480,915,288
C,[-5.36786787e-02  2.33022898e+02],[ 0.28820736 76.71054354],[-4601   480 -1024   288],[1399  480  733  288],52.04976797103882,-4601,480,-1024,288,1399,480,733,288
C,[-1.25274553e-01  2.71488249e+02],[  0.18838405 121.86982068],[-1664   480  -131   288],[1901  480  881  288],52.15307283401489,-1664,480,-131,288,1901,480,881,288
C,[-1.05622138e-01  2.49888315e+02],[ 0.24654394 86.32136265],[-2178   480  -360   288],[1596  480  818  288],52.24689984321594,-2178,480,-360,288,1596,480,818,288
C,[-7.48811995e-02  2.37572514e+02],[ 0.24088816 91.86760396],[-3237   480  -673   288],[1611  480  814  288],52.341482639312744,-3237,480,-673,288,1611,480,814,288
C,[-8.17915930e-02  2.34056492e+02],[  0.15869512 141.72781509],[-3006   480  -659   288],[2131  480  921  288],52.442471504211426,-3006,480,-659,288,2131,480,921,288
C,[-6.01073763e-02  2.41209641e+02],[ 0.3389456  42.33733296],[-3972   480  -778   288],[1291  480  724  288],52.538851499557495,-3972,480,-778,288,1291,480,724,288
C,[-6.50618816e-02  2.30664103e+02],[  0.22775892 113.38360613],[-3832   480  -881   288],[1609  480  766  288],52.63580894470215,-3832,480,-881,288,1609,480,766,288
C,[-5.54280354e-02  2.32813818e+02],[  0.23140906 101.10356495],[-4459   480  -995   288],[1637  480  807  288],52.73318028450012,-4459,480,-995,288,1637,480,807,288
C,[-1.57478816e-01  2.61360292e+02],[  0.24591616 103.27014561],[-1388   480  -169   288],[1531  480  751  288],52.826661825180054,-1388,480,-169,288,1531,480,751,288
C,[-6.28918495e-02  2.47889041e+02],[1.48701407e-01 1.49917060e+02],[-3690   480  -637   288],[2219  480  928  288],52.91981339454651,-3690,480,-637,288,2219,480,928,288
C,[-6.39263668e-02  2.34790924e+02],[  0.22782601 102.85399493],[-3835   480  -832   288],[1655  480  812  288],53.015320777893066,-3835,480,-832,288,1655,480,812,288
C,[-8.29488337e-02  2.40647859e+02],[  0.17239421 129.30986041],[-2885   480  -570   288],[2034  480  920  288],53.112361431121826,-2885,480,-570,288,2034,480,920,288
C,[-6.41966371e-02  2.42393356e+02],[  0.19235938 120.17175274],[-3701   480  -710   288],[1870  480  872  288],53.20738458633423,-3701,480,-710,288,1870,480,872,288
C,[-1.40448219e-01  2.52580708e+02],[  0.20446178 110.27813233],[-1619   480  -252   288],[1808  480  869  288],53.315139293670654,-1619,480,-252,288,1808,480,869,288
C,[-1.34997618e-01  2.63067673e+02],[  0.17943326 124.45344201],[-1606   480  -184   288],[1981  480  911  288],53.411842823028564,-1606,480,-184,288,1981,480,911,288
C,[-5.80808081e-02  2.30689394e+02],[ 0.31901753 53.85366454],[-4292   480  -986   288],[1335  480  733  288],53.51821804046631,-4292,480,-986,288,1335,480,733,288
C,[-1.99078769e-01  2.67800921e+02],[ 0.24294271 94.35450709],[-1065   480  -101   288],[1587  480  797  288],53.613093852996826,-1065,480,-101,288,1587,480,797,288
C,[-6.96579091e-02  2.35092094e+02],[  0.21598988 106.79563178],[-3515   480  -759   288],[1727  480  838  288],53.71155858039856,-3515,480,-759,288,1727,480,838,288
C,[-1.07893108e-01  2.57088781e+02],[  0.23269555 100.2591877 ],[-2066   480  -286   288],[1631  480  806  288],53.80756902694702,-2066,480,-286,288,1631,480,806,288
C,[-1.06600544e-01  2.51860462e+02],[ 0.28167768 70.31057022],[-2140   480  -339   288],[1454  480  772  288],53.90963530540466,-2140,480,-339,288,1454,480,772,288
C,[-1.75876160e-01  2.61537549e+02],[1.29560517e-01 1.64427935e+02],[-1242   480  -150   288],[2435  480  953  288],54.00467610359192,-1242,480,-150,288,2435,480,953,288
C,[-8.14586754e-02  2.40022975e+02],[  0.19671865 120.07911124],[-2945   480  -588   288],[1829  480  853  288],54.09907293319702,-2945,480,-588,288,1829,480,853,288
C,[-6.86462324e-02  2.33494572e+02],[ 0.24488751 91.48004366],[-3590   480  -794   288],[1586  480  802  288],54.19334554672241,-3590,480,-794,288,1586,480,802,288
C,[-1.4309040e-01  2.6202951e+02],[  0.21892608 107.20745752],[-1523   480  -181   288],[1702  480  825  288],54.293233156204224,-1523,480,-181,288,1702,480,825,288
C,[-7.55453036e-02  2.36675450e+02],[  0.23056046 101.15582728],[-3220   480  -679   288],[1643  480  810  288],54.39390826225281,-3220,480,-679,288,1643,480,810,288
C,[-5.91096147e-02  2.27899738e+02],[  0.23272276 100.92908631],[-4264   480 -1016   288],[1628  480  803  288],54.48791027069092,-4264,480,-1016,288,1628,480,803,288
C,[-1.13866513e-01  2.57501494e+02],[  0.22039899 102.69577214],[-1954   480  -267   288],[1711  480  840  288],54.5819365978241,-1954,480,-267,288,1711,480,840,288
C,[-1.00444096e-01  2.44592868e+02],[ 0.24120888 92.06987028],[-2343   480  -432   288],[1608  480  812  288],54.67776823043823,-2343,480,-432,288,1608,480,812,288
C,[-7.39956293e-02  2.40297442e+02],[ 0.24295818 92.88222254],[-3239   480  -644   288],[1593  480  803  288],54.774571657180786,-3239,480,-644,288,1593,480,803,288
C,[-6.44644381e-02  2.44451320e+02],[ 0.23788518 93.58784157],[-3653   480  -675   288],[1624  480  817  288],54.869797229766846,-3653,480,-675,288,1624,480,817,288
C,[-9.56995952e-02  2.42412338e+02],[  0.21926438 108.11352334],[-2482   480  -476   288],[1696  480  820  288],54.96721124649048,-2482,480,-476,288,1696,480,820,288
C,[-8.62326577e-02  2.42934224e+02],[  0.21814128 111.5009467 ],[-2749   480  -522   288],[1689  480  809  288],55.05752635002136,-2749,480,-522,288,1689,480,809,288
C,[-9.81691919e-02  2.42674558e+02],[ 0.24197702 93.13433048],[-2417   480  -461   288],[1598  480  805  288],55.14881610870361,-2417,480,-461,288,1598,480,805,288
C,[-4.50218704e-02  2.18283574e+02],[  0.1657733  136.02569577],[-5813   480 -1548   288],[2074  480  916  288],55.24514317512512,-5813,480,-1548,288,2074,480,916,288
C,[-1.60877654e-01  2.59861106e+02],[  0.22078343 104.81928679],[-1368   480  -174   288],[1699  480  829  288],55.34642052650452,-1368,480,-174,288,1699,480,829,288
C,[-1.29414987e-01  2.61094177e+02],[  0.16337269 137.41195207],[-1691   480  -207   288],[2096  480  921  288],55.446640968322754,-1691,480,-207,288,2096,480,921,288
C,[-1.00762394e-01  2.49190823e+02],[  0.22113117 102.51638282],[-2290   480  -385   288],[1707  480  838  288],55.54455375671387,-2290,480,-385,288,1707,480,838,288
C,[-2.97619048e-02  2.18684524e+02],[ 0.25077699 88.09253707],[-8780   480 -2329   288],[1562  480  797  288],55.64283204078674,-8780,480,-2329,288,1562,480,797,288
C,[-3.19240111e-02  2.26515675e+02],[ 0.24211684 95.21763086],[-7940   480 -1925   288],[1589  480  796  288],55.74272894859314,-7940,480,-1925,288,1589,480,796,288
C,[-8.17147750e-02  2.39502727e+02],[  0.23195311 101.42012364],[-2943   480  -593   288],[1632  480  804  288],55.8359854221344,-2943,480,-593,288,1632,480,804,288
C,[-9.08810579e-02  2.47003912e+02],[  0.17181357 138.19118866],[-2563   480  -451   288],[1989  480  871  288],55.9369170665741,-2563,480,-451,288,1989,480,871,288
C,[-5.62197337e-02  2.28831189e+02],[ 0.33852975 42.82256502],[-4467   480 -1052   288],[1291  480  724  288],56.036709785461426,-4467,480,-1052,288,1291,480,724,288
C,[-5.16353228e-02  2.32222560e+02],[  0.20846677 112.91228014],[-4798   480 -1080   288],[1760  480  839  288],56.13874435424805,-4798,480,-1080,288,1760,480,839,288
C,[-9.27078886e-02  2.45264075e+02],[ 0.23503057 94.12622321],[-2531   480  -460   288],[1641  480  824  288],56.23710823059082,-2531,480,-460,288,1641,480,824,288
C,[-6.42836655e-02  2.29546551e+02],[  0.19428028 118.95868151],[-3896   480  -909   288],[1858  480  870  288],56.33656096458435,-3896,480,-909,288,1858,480,870,288
C,[-9.00508089e-02  2.46888612e+02],[ 0.36651344 28.42035376],[-2588   480  -456   288],[1232  480  708  288],56.43653702735901,-2588,480,-456,288,1232,480,708,288
C,[-1.27952144e-01  2.63823304e+02],[  0.16138141 137.10626591],[-1689   480  -188   288],[2124  480  935  288],56.53331112861633,-1689,480,-188,288,2124,480,935,288
C,[-1.10955505e-01  2.55610932e+02],[ 0.24355714 94.79382161],[-2022   480  -291   288],[1581  480  793  288],56.626818895339966,-2022,480,-291,288,1581,480,793,288
C,[-8.52442163e-02  2.35330206e+02],[  0.15193571 142.43509231],[-2870   480  -617   288],[2221  480  958  288],56.71993446350098,-2870,480,-617,288,2221,480,958,288
C,[-8.42793260e-02  2.40945561e+02],[ 0.23090203 99.40843286],[-2836   480  -558   288],[1648  480  816  288],56.814886808395386,-2836,480,-558,288,1648,480,816,288
C,[-6.72048227e-02  2.28077350e+02],[ 0.28062722 71.7270485 ],[-3748   480  -891   288],[1454  480  770  288],56.91045784950256,-3748,480,-891,288,1454,480,770,288
C,[-9.63669951e-02  2.41630234e+02],[  0.21540601 108.36537628],[-2473   480  -481   288],[1725  480  833  288],56.997371673583984,-2473,480,-481,288,1725,480,833,288
C,[-6.02038938e-02  2.42875856e+02],[ 0.24196061 90.78364468],[-3938   480  -749   288],[1608  480  815  288],57.09825038909912,-3938,480,-749,288,1608,480,815,288
C,[-2.20806247e-01  2.79034360e+02],[  0.18966711 109.02196085],[-910  480  -40  288],[1955  480  943  288],57.19616961479187,-910,480,-40,288,1955,480,943,288
C,[-1.07126375e-01  2.48805939e+02],[ 0.24693302 90.1748967 ],[-2158   480  -365   288],[1578  480  801  288],57.292213916778564,-2158,480,-365,288,1578,480,801,288
C,[-1.68825637e-01  2.62156226e+02],[  0.19032813 124.17227252],[-1290   480  -153   288],[1869  480  860  288],57.38811635971069,-1290,480,-153,288,1869,480,860,288
C,[-7.39350386e-02  2.39490765e+02],[  0.17759206 127.32852429],[-3252   480  -656   288],[1985  480  904  288],57.485074520111084,-3252,480,-656,288,1985,480,904,288
C,[-5.99007002e-02  2.26994393e+02],[ 0.24959235 92.15748878],[-4223   480 -1018   288],[1553  480  784  288],57.57935857772827,-4223,480,-1018,288,1553,480,784,288
C,[-4.95689655e-02  2.30700431e+02],[ 0.23452044 99.53231768],[-5029   480 -1155   288],[1622  480  803  288],57.67672824859619,-5029,480,-1155,288,1622,480,803,288
C,[-4.00793651e-02  2.25788492e+02],[  0.20254107 113.52305576],[-6342   480 -1552   288],[1809  480  861  288],57.769617319107056,-6342,480,-1552,288,1809,480,861,288
C,[-6.27846454e-02  2.29820538e+02],[ 0.28159065 73.723768  ],[-3984   480  -926   288],[1442  480  760  288],57.86336088180542,-3984,480,-926,288,1442,480,760,288
C,[-8.51466796e-02  2.43401596e+02],[ 0.28054277 73.09201334],[-2778   480  -523   288],[1450  480  766  288],57.95949196815491,-2778,480,-523,288,1450,480,766,288
C,[-5.57581786e-02  2.38732040e+02],[ 0.22671192 97.71844222],[-4327   480  -883   288],[1686  480  839  288],58.05188250541687,-4327,480,-883,288,1686,480,839,288
C,[-8.35841906e-02  2.30328884e+02],[  0.19594801 115.522328  ],[-2987   480  -689   288],[1860  480  880  288],58.13958930969238,-2987,480,-689,288,1860,480,880,288
C,[-1.60637892e-01  2.56007327e+02],[  0.22900804 102.1166603 ],[-1394   480  -199   288],[1650  480  811  288],58.22885608673096,-1394,480,-199,288,1650,480,811,288
C,[-5.68312325e-02  2.31524765e+02],[  0.19477699 121.01292424],[-4372   480  -993   288],[1843  480  857  288],58.319743156433105,-4372,480,-993,288,1843,480,857,288
C,[-6.71788810e-02  2.32556935e+02],[  0.19242172 118.61793112],[-3683   480  -825   288],[1878  480  880  288],58.416637897491455,-3683,480,-825,288,1878,480,880,288
C,[-9.31850843e-02  2.48525830e+02],[  0.16615378 134.26488745],[-2484   480  -423   288],[2080  480  925  288],58.51189970970154,-2484,480,-423,288,2080,480,925,288
C,[-9.24001804e-02  2.58503669e+02],[ 0.24886866 88.06094884],[-2397   480  -319   288],[1574  480  803  288],58.60782170295715,-2397,480,-319,288,1574,480,803,288
C,[-6.67989418e-02  2.32314153e+02],[ 0.28654251 71.40319537],[-3707   480  -833   288],[1425  480  755  288],58.70005750656128,-3707,480,-833,288,1425,480,755,288
C,[-5.92033543e-02  2.33468721e+02],[  0.15459363 148.1914626 ],[-4164   480  -921   288],[2146  480  904  288],58.795653104782104,-4164,480,-921,288,2146,480,904,288
C,[-6.39499389e-02  2.30752900e+02],[ 0.28741221 66.18076209],[-3897   480  -895   288],[1439  480  771  288],58.891347885131836,-3897,480,-895,288,1439,480,771,288
C,[-1.33032955e-01  2.53020754e+02],[ 0.24992129 89.99673824],[-1706   480  -262   288],[1560  480  792  288],58.98813724517822,-1706,480,-262,288,1560,480,792,288
C,[-6.17747999e-02  2.34518075e+02],[  0.22489271 107.18061237],[-3973   480  -865   288],[1657  480  804  288],59.086775064468384,-3973,480,-865,288,1657,480,804,288
C,[-9.01731894e-02  2.47064546e+02],[ 0.24722503 92.26720301],[-2583   480  -453   288],[1568  480  791  288],59.181110858917236,-2583,480,-453,288,1568,480,791,288
C,[-5.85684891e-02  2.27614565e+02],[  0.23220184 101.0245094 ],[-4309   480 -1031   288],[1632  480  805  288],59.268978118896484,-4309,480,-1031,288,1632,480,805,288
C,[-1.01967446e-01  2.50843039e+02],[  0.19660711 120.32981731],[-2247   480  -364   288],[1829  480  852  288],59.35633659362793,-2247,480,-364,288,1829,480,852,288
C,[-8.66178333e-02  2.44926248e+02],[  0.20119182 118.59817026],[-2713   480  -497   288],[1796  480  841  288],59.44746160507202,-2713,480,-497,288,1796,480,841,288
C,[-2.04372711e-01  2.70846726e+02],[  0.23517891 100.48606179],[-1023   480   -83   288],[1613  480  797  288],59.532461643218994,-1023,480,-83,288,1613,480,797,288
C,[-4.57933656e-02  2.29184664e+02],[  0.17898774 123.68481555],[-5477   480 -1284   288],[1990  480  918  288],59.62618088722229,-5477,480,-1284,288,1990,480,918,288
C,[-9.41644040e-02  2.47335886e+02],[ 0.22797006 99.64803557],[-2470   480  -431   288],[1668  480  826  288],59.72086262702942,-2470,480,-431,288,1668,480,826,288
C,[-6.38062906e-02  2.37755017e+02],[  0.20101221 115.31533359],[-3796   480  -787   288],[1814  480  859  288],59.81861138343811,-3796,480,-787,288,1814,480,859,288
C,[-4.99131944e-02  2.39866753e+02],[ 0.28895426 69.62887077],[-4811   480  -964   288],[1420  480  755  288],59.91372752189636,-4811,480,-964,288,1420,480,755,288
C,[-1.11447723e-01  2.54246435e+02],[  0.16774707 134.3363033 ],[-2025   480  -302   288],[2060  480  916  288],60.0100519657135,-2025,480,-302,288,2060,480,916,288
C,[-6.17396711e-02  2.40213879e+02],[ 0.28747366 67.71604106],[-3883   480  -773   288],[1434  480  766  288],60.10591912269592,-3883,480,-773,288,1434,480,766,288
C,[-1.12616915e-01  2.58735958e+02],[  0.19125569 121.08401317],[-1964   480  -259   288],[1876  480  872  288],60.19954586029053,-1964,480,-259,288,1876,480,872,288
C,[-1.48406149e-01  2.61146191e+02],[  0.23156349 101.83948141],[-1474   480  -180   288],[1633  480  803  288],60.29380774497986,-1474,480,-180,288,1633,480,803,288
C,[-1.04774776e-01  2.50124243e+02],[ 0.28093478 73.03812286],[-2193   480  -361   288],[1448  480  765  288],60.38306140899658,-2193,480,-361,288,1448,480,765,288
C,[-1.63195510e-01  2.64856383e+02],[  0.15250234 143.42524221],[-1318   480  -141   288],[2207  480  948  288],60.47796010971069,-1318,480,-141,288,2207,480,948,288
C,[-1.38479309e-01  2.59886720e+02],[ 0.24366738 94.04456115],[-1589   480  -203   288],[1583  480  795  288],60.570945739746094,-1589,480,-203,288,1583,480,795,288
C,[-8.58032371e-02  2.45930566e+02],[ 0.23234645 98.36288789],[-2727   480  -490   288],[1642  480  816  288],60.66453981399536,-2727,480,-490,288,1642,480,816,288
C,[-9.63669951e-02  2.41630234e+02],[ 0.23117641 98.79994949],[-2473   480  -481   288],[1648  480  818  288],60.76090407371521,-2473,480,-481,288,1648,480,818,288
C,[-7.35941195e-02  2.34130678e+02],[  0.17963035 125.96939528],[-3340   480  -731   288],[1970  480  902  288],60.85517954826355,-3340,480,-731,288,1970,480,902,288
C,[-1.14849154e-01  2.58281735e+02],[ 0.23967191 96.99534967],[-1930   480  -258   288],[1598  480  796  288],60.95056676864624,-1930,480,-258,288,1598,480,796,288
C,[-8.62590799e-02  2.44147801e+02],[ 0.28139713 73.83397721],[-2734   480  -508   288],[1443  480  761  288],61.04652976989746,-2734,480,-508,288,1443,480,761,288
C,[-2.65835141e-01  2.99879776e+02],[ 0.24560926 91.28499357],[-677  480   44  288],[1582  480  800  288],61.14183282852173,-677,480,44,288,1582,480,800,288
C,[-2.67396313e-01  2.88345814e+02],[  0.17090406 128.54183461],[-716  480    1  288],[2056  480  933  288],61.232502460479736,-716,480,1,288,2056,480,933,288
C,[-7.76544350e-02  2.35138436e+02],[  0.17421045 131.6398316 ],[-3153   480  -680   288],[1999  480  897  288],61.32416605949402,-3153,480,-680,288,1999,480,897,288
C,[-1.04594681e-01  2.54174908e+02],[ 0.23846658 95.21740571],[-2159   480  -323   288],[1613  480  808  288],61.4198522567749,-2159,480,-323,288,1613,480,808,288
C,[-8.26982484e-02  2.40847178e+02],[  0.2315662  101.62677498],[-2891   480  -570   288],[1633  480  804  288],61.51311182975769,-2891,480,-570,288,1633,480,804,288
C,[-1.07681534e-01  2.53952731e+02],[  0.22041178 103.81019517],[-2099   480  -316   288],[1706  480  835  288],61.60169339179993,-2099,480,-316,288,1706,480,835,288
C,[-6.17331933e-02  2.34323981e+02],[  0.16506081 137.96290168],[-3979   480  -869   288],[2072  480  908  288],61.696797132492065,-3979,480,-869,288,2072,480,908,288
C,[-5.45288144e-02  2.28980899e+02],[  0.20103224 115.26008397],[-4603   480 -1082   288],[1814  480  859  288],61.793577909469604,-4603,480,-1082,288,1814,480,859,288
C,[-8.25809451e-02  2.42425013e+02],[  0.20006523 118.04678573],[-2876   480  -551   288],[1809  480  849  288],61.889732837677,-2876,480,-551,288,1809,480,849,288
C,[-7.62970047e-02  2.39388117e+02],[  0.20796677 108.16290379],[-3153   480  -637   288],[1787  480  864  288],61.9835638999939,-3153,480,-637,288,1787,480,864,288
C,[-7.57288933e-02  2.38844976e+02],[ 0.23786316 95.33238649],[-3184   480  -649   288],[1617  480  809  288],62.07553482055664,-3184,480,-649,288,1617,480,809,288
C,[-1.27945856e-01  2.64046766e+02],[  0.21362135 108.03982121],[-1687   480  -187   288],[1741  480  842  288],62.170594930648804,-1687,480,-187,288,1741,480,842,288
C,[-1.68624530e-01  2.69586529e+02],[ 0.24642665 92.0813187 ],[-1247   480  -109   288],[1574  480  795  288],62.263763189315796,-1247,480,-109,288,1574,480,795,288
C,[-7.14101904e-02  2.35143549e+02],[  0.21524808 107.77664312],[-3428   480  -740   288],[1729  480  837  288],62.354089975357056,-3428,480,-740,288,1729,480,837,288
C,[-9.28908890e-02  2.43742847e+02],[ 0.24393097 91.96669731],[-2543   480  -476   288],[1590  480  803  288],62.44773745536804,-2543,480,-476,288,1590,480,803,288
C,[-2.04136642e-01  2.74709544e+02],[ 0.23953363 96.01468289],[-1005   480   -65   288],[1603  480  801  288],62.544902086257935,-1005,480,-65,288,1603,480,801,288
C,[-1.05801052e-01  2.53998945e+02],[ 0.23981192 96.0075833 ],[-2136   480  -321   288],[1601  480  800  288],62.643744230270386,-2136,480,-321,288,1601,480,800,288
C,[-8.55432823e-02  2.47845753e+02],[ 0.28318139 72.07037669],[-2713   480  -469   288],[1440  480  762  288],62.741716623306274,-2713,480,-469,288,1440,480,762,288
C,[-6.67989418e-02  2.32314153e+02],[  0.21564071 108.86947933],[-3707   480  -833   288],[1721  480  830  288],62.838279247283936,-3707,480,-833,288,1721,480,830,288
C,[-7.35399798e-02  2.37507560e+02],[  0.22525223 103.02867294],[-3297   480  -686   288],[1673  480  821  288],62.938459396362305,-3297,480,-686,288,1673,480,821,288
C,[-5.55914500e-02  2.44874429e+02],[  0.20581029 121.72789175],[-4229   480  -775   288],[1740  480  807  288],63.00300216674805,-4229,480,-775,288,1740,480,807,288
C,[-1.45402443e-01  2.60790882e+02],[  0.19582584 120.46809202],[-1507   480  -187   288],[1835  480  855  288],63.097732067108154,-1507,480,-187,288,1835,480,855,288
C,[-9.53770660e-02  2.44492593e+02],[ 0.23342588 99.78136625],[-2469   480  -456   288],[1628  480  806  288],63.193387031555176,-2469,480,-456,288,1628,480,806,288
C,[-1.33073075e-01  2.57879081e+02],[  0.22357152 103.71790624],[-1669   480  -226   288],[1683  480  824  288],63.29592275619507,-1669,480,-226,288,1683,480,824,288
C,[-1.01016686e-01  2.49067491e+02],[ 0.28131416 73.16803082],[-2286   480  -385   288],[1446  480  763  288],63.392231941223145,-2286,480,-385,288,1446,480,763,288
C,[-9.71074999e-02  2.49370342e+02],[  0.16379108 135.86692029],[-2374   480  -397   288],[2101  480  928  288],63.49556255340576,-2374,480,-397,288,2101,480,928,288
C,[-6.31778684e-02  2.34672928e+02],[  0.19123465 123.03533568],[-3883   480  -844   288],[1866  480  862  288],63.60112285614014,-3883,480,-844,288,1866,480,862,288
C,[-2.34441412e-01  2.77091420e+02],[ 0.28263444 73.00672358],[-865  480  -46  288],[1439  480  760  288],63.69053602218628,-865,480,-46,288,1439,480,760,288
C,[-2.05245218e-01  2.69055149e+02],[  0.17236923 127.85674373],[-1027   480   -92   288],[2042  480  929  288],63.77712655067444,-1027,480,-92,288,2042,480,929,288
C,[-5.05990240e-02  2.22532021e+02],[  0.19405073 119.34447148],[-5088   480 -1293   288],[1858  480  869  288],63.868464946746826,-5088,480,-1293,288,1858,480,869,288
C,[-8.68185213e-02  2.44471309e+02],[  0.23013916 101.35881504],[-2712   480  -501   288],[1645  480  810  288],63.96179938316345,-2712,480,-501,288,1645,480,810,288
C,[-7.46233853e-02  2.35565789e+02],[ 0.28740528 70.32270479],[-3275   480  -702   288],[1425  480  757  288],64.0600655078888,-3275,480,-702,288,1425,480,757,288
